"2REL","4","1","TWM1","","Religious Education Level 2","12","NCEA Level 2","Religious Education","STC","26","/ 91","2026TT","2REL||4|1|0|STC|TWM1|26|91|||8|1|0||"
"3REL","3","1","TWM1","","Religious Education Level 3","13","NCEA Level 3","Religious Education","STC","20","/ 116","2026TT","3REL||3|1|0|STC|TWM1|20|116|||8|1|0||"
"3REL","2","1","TWM1","","Religious Education Level 3","13","NCEA Level 3","Religious Education","STC","25","/ 116","2026TT","3REL||2|1|0|STC|TWM1|25|116|||8|1|0||"
"3REL","1","1","TWM1","","Religious Education Level 3","13","NCEA Level 3","Religious Education","STC","23","/ 116","2026TT","3REL||1|1|0|STC|TWM1|23|116|||8|1|0||"
"3PHY","1","1","TWM4","","Physics Level 3","13","NCEA Level 3","Science","CRR","18","/ 18","2026TT","3PHY||1|1|0|CRR|TWM4|18|18|||8|1|0||"
"2REL","1","1","NC5","","Religious Education Level 2","12","NCEA Level 2","Religious Education","CHI","25","/ 91","2026TT","2REL||1|1|0|CHI|NC5|25|91|||8|1|0||"
"3CHE","1","1","TWM5","","Chemistry Level 3","13","NCEA Level 3","Science","BDI","22","/ 32","2026TT","3CHE||1|1|0|BDI|TWM5|22|32|||8|1|0||"
"2GEO","1","1","TWM17","","Geography Level 2","12","NCEA Level 2","Social Science","RCH","13","/ 13","2026TT","2GEO||1|1|0|RCH|TWM17|13|13|||8|1|0||"
"2MTC","5","1","PR9","","Combined Maths Level 2","12","NCEA Level 2","Mathematics","RFD","16","/ 35","2026TT","2MTC||5|1|0|RFD|PR9|16|35|||8|1|0||"
"2GTY","2","1","PR3","","Gateway Year 12","12","NCEA Level 2","Career Pathways","GNA","16","/ 18","2026TT","2GTY||2|1|0|GNA|PR3|16|18|||8|1|0|47|200001724"
"3GTY","2","1","PR3","","Gateway Year 13","13","NCEA Level 3","Career Pathways","GNA","3","/ 9","2026TT","3GTY||2|1|0|GNA|PR3|3|9|||8|1|0|47|200001724"
"2ENP","2","1","SN8","","Practical English Level 2","12","NCEA Level 2","English","FNZ","18","/ 37","2026TT","2ENP||2|1|0|FNZ|SN8|18|37|||8|1|0||"
"2ELL","6","1","SN4","","English Language Level 2","12","NCEA Level 2","English Language","TOA","20","/ 20","2026TT","2ELL||6|1|0|TOA|SN4|20|20|||8|1|0||"
"1ELL","3","1","SN4","","English Language Level 1","11","Year 11 Diploma","English Language","TOA","18","/ 18","2026TT","1ELL||3|1|0|TOA|SN4|18|18|||8|1|0||"
"3ELL","1","1","SN4","","English Language Level 3","13","NCEA Level 3","English","TOA","7","/ 7","2026TT","3ELL||1|1|0|TOA|SN4|7|7|||8|1|0||"
"2PED","2","1","","","Physical Education Level 2","12","NCEA Level 2","Health & PE","","0","/ 0","2026TT","2PED||2|1|0|||0|0|||8|1|0||"
"3ENG","5","1","SN7","","Academic English Level 3","13","NCEA Level 3","English","KNY","17","/ 18","2026TT","3ENG||5|1|0|KNY|SN7|17|18|||8|1|0||"
"2PTW","3","1","PR3","","Career Pathways Year 12","12","NCEA Level 2","Career Pathways","GNA","7","/ 17","2026TT","2PTW||3|1|0|GNA|PR3|7|17|||8|1|0|23|200001724"
"3PTW","3","1","PR3","","Career Pathways Year 13","13","NCEA Level 3","Career Pathways","GNA","8","/ 15","2026TT","3PTW||3|1|0|GNA|PR3|8|15|||8|1|0|23|200001724"
"2MUS","6","1","MUSIC","","Music Level 2","12","NCEA Level 2","Music","LIU","8","/ 8","2026TT","2MUS||6|1|0|LIU|MUSIC|8|8|||8|1|0|13|200001720"
"3MUS","6","1","MUSIC","","Music Level 3","13","NCEA Level 3","Music","LIU","5","/ 7","2026TT","3MUS||6|1|0|LIU|MUSIC|5|7|||8|1|0|13|200001720"
"1MUS","4","1","MUSIC","","Music Level 1","11","Year 11 Diploma","Music","LIU","10","/ 10","2026TT","1MUS||4|1|0|LIU|MUSIC|10|10|||8|1|0|12|200001720"
"3BIO","4","1","TWM8","","Biology Level 3","13","NCEA Level 3","Science","TLG","13","/ 72","2026TT","3BIO||4|1|0|TLG|TWM8|13|72|||8|1|0||"
"3MAT","4","1","PR1","","Mathematics Level 3","13","NCEA Level 3","Mathematics","SON","13","/ 14","2026TT","3MAT||4|1|0|SON|PR1|13|14|||8|1|0||"
"2MAT","1","1","PR1","","Mathematics Level 2","12","NCEA Level 2","Mathematics","SON","30","/ 48","2026TT","2MAT||1|1|0|SON|PR1|30|48|||8|1|0||"
"3APH","5","1","LIBC","","Art Photography Level 3","13","NCEA Level 3","Art","SLG","14","/ 17","2026TT","3APH||5|1|0|SLG|LIBC|14|17|||8|1|0||"
"3ARP","3","1","MN10","","Art Painting Level 3","13","NCEA Level 3","Art","SLG","16","/ 16","2026TT","3ARP||3|1|0|SLG|MN10|16|16|||8|1|0||"
"1ART","2","1","MN10","","Visual Art Level 1","11","Year 11 Diploma","ART","SLG","27","/ 54","2026TT","1ART||2|1|0|SLG|MN10|27|54|||8|1|0||"
"2APH","1","1","LIBC","","Art Photography Level 2","12","NCEA Level 2","Art","SLG","10","/ 10","2026TT","2APH||1|1|0|SLG|LIBC|10|10|||8|1|0|13|200001712"
"2DNC","3","1","RS4","","Dance Level 2","12","NCEA Level 2","Dance","RSN","13","/ 13","2026TT","2DNC||3|1|0|RSN|RS4|13|13|||8|1|0|21|200001709"
"3DNC","3","1","RS4","","Dance Level 3","13","NCEA Level 3","Dance","RSN","8","/ 8","2026TT","3DNC||3|1|0|RSN|RS4|8|8|||8|1|0|21|200001709"
"3MTC","6","1","PR9","","Combined Mathematics Level 3","13","NCEA Level 3","Mathematics","RFD","19","/ 19","2026TT","3MTC||6|1|0|RFD|PR9|19|19|||8|1|0||"
"2MAS","3","1","PR9","","Statistics Level 2","12","NCEA Level 2","Mathematics","RFD","22","/ 22","2026TT","2MAS||3|1|0|RFD|PR9|22|22|||8|1|0||"
"2SOS","4","1","TWM13","","Social Studies Level 2","12","NCEA Level 2","Social Science","PTO","22","/ 24","2026TT","2SOS||4|1|0|PTO|TWM13|22|24|||8|1|0||"
"2HIS","1","1","TWM15","","History Level 2","12","NCEA Level 2","Social Science","PTO","14","/ 14","2026TT","2HIS||1|1|0|PTO|TWM15|14|14|||8|1|0|15|200001706"
"3MAC","6","1","CG3","","Calculus Level 3","13","NCEA Level 3","Mathematics","PNH","16","/ 31","2026TT","3MAC||6|1|0|PNH|CG3|16|31|||8|1|0||"
"3HLH","2","1","CG2","","Health Level 3","13","NCEA Level 3","Health & PE","PHS","27","/ 27","2026TT","3HLH||2|1|0|PHS|CG2|27|27|||8|1|0||"
"2HLH","1","1","SN10","","Health Level 2","12","NCEA Level 2","Health & PE","PHS","14","/ 14","2026TT","2HLH||1|1|0|PHS|SN10|14|14|||8|1|0||"
"2ENG","5","1","SN5","","Academic English Level 2","12","NCEA Level 2","English","MST","25","/ 51","2026TT","2ENG||5|1|0|MST|SN5|25|51|||8|1|0||"
"3MAS","6","1","PR2","","Statistics Level 3","13","NCEA Level 3","Mathematics","MSL","22","/ 22","2026TT","3MAS||6|1|0|MSL|PR2|22|22|||8|1|0||"
"1MAS","1","1","PR2","","Mathematics with Statistics Level 1","11","Year 11 Diploma","Mathematics","MSL","29","/ 29","2026TT","1MAS||1|1|0|MSL|PR2|29|29|||8|1|0||"
"2DRA","6","1","RS5","","Drama Level 2","12","NCEA Level 2","Drama","LMB","11","/ 11","2026TT","2DRA||6|1|0|LMB|RS5|11|11|||8|1|0||"
"2ECO","3","1","TWM13","","Economics Level 2","12","NCEA Level 2","Social Science","JLM","5","/ 5","2026TT","2ECO||3|1|0|JLM|TWM13|5|5|||8|1|0|15|200001695"
"3ECO","3","1","TWM13","","Economics Level 3","13","NCEA Level 3","Social Science","JLM","10","/ 10","2026TT","3ECO||3|1|0|JLM|TWM13|10|10|||8|1|0|15|200001695"
"2JPN","4","1","SN2","","Japanese Level 2","12","NCEA Level 2","Languages","ITO","3","/ 3","2026TT","2JPN||4|1|0|ITO|SN2|3|3|||8|1|0|6|200001694"
"3JPN","4","1","SN2","","Japanese Level 3","13","NCEA Level 3","Languages","ITO","3","/ 3","2026TT","3JPN||4|1|0|ITO|SN2|3|3|||8|1|0|6|200001694"
"1CDG","5","1","PR11","","Coding Level 1","11","Year 11 Diploma","Technology","HHN","7","/ 7","2026TT","1CDG||5|1|0|HHN|PR11|7|7|||8|1|0|10|200001693"
"2CDG","5","1","PR11","","Coding Level 2","12","NCEA Level 2","Technology","HHN","1","/ 1","2026TT","2CDG||5|1|0|HHN|PR11|1|1|||8|1|0|10|200001693"
"3CDG","5","1","PR11","","Coding Level 3","13","NCEA Level 3","Technology","HHN","2","/ 2","2026TT","3CDG||5|1|0|HHN|PR11|2|2|||8|1|0|10|200001693"
"1TTE","4","1","PR5","","Textiles Technology Level 1","11","Year 11 Diploma","Technology","HHN","9","/ 9","2026TT","1TTE||4|1|0|HHN|PR5|9|9|||8|1|0|20|200001693"
"2TTE","4","1","PR5","","Textiles Technology Level 2","12","NCEA Level 2","Technology","HHN","8","/ 8","2026TT","2TTE||4|1|0|HHN|PR5|8|8|||8|1|0|20|200001693"
"3TTE","4","1","PR5","","Textiles Technology Level 3","13","NCEA Level 3","Technology","HHN","3","/ 4","2026TT","3TTE||4|1|0|HHN|PR5|3|4|||8|1|0|20|200001693"
"2BIO","6","1","TWM8","","Biology Level 2","12","NCEA Level 2","Science","HGS","25","/ 63","2026TT","2BIO||6|1|0|HGS|TWM8|25|63|||8|1|0||"
"3BIO","2","1","TWM8","","Biology Level 3","13","NCEA Level 3","Science","FRN","32","/ 72","2026TT","3BIO||2|1|0|FRN|TWM8|32|72|||8|1|0||"
"2ENP","6","1","SN8","","Practical English Level 2","12","NCEA Level 2","English","FNZ","19","/ 37","2026TT","2ENP||6|1|0|FNZ|SN8|19|37|||8|1|0||"
"2PHY","4","1","TWM4","","Physics Level 2","12","NCEA Level 2","Science","CRR","14","/ 14","2026TT","2PHY||4|1|0|CRR|TWM4|14|14|||8|1|0||"
"2CHE","6","1","TWM5","","Chemistry Level 2","12","NCEA Level 2","Science","CLS","25","/ 46","2026TT","2CHE||6|1|0|CLS|TWM5|25|46|||8|1|0||"
"3CHE","4","1","TWM12","","Chemistry Level 3","13","NCEA Level 3","Science","CLS","10","/ 32","2026TT","3CHE||4|1|0|CLS|TWM12|10|32|||8|1|0||"
"1REL","5","1","NC5","","Religious Education Level 1","11","Year 11 Diploma","Religious Education","CHI","30","/ 136","2026TT","1REL||5|1|0|CHI|NC5|30|136|||8|1|0||"
"1REL","4","1","NC5","","Religious Education Level 1","11","Year 11 Diploma","Religious Education","CHI","21","/ 136","2026TT","1REL||4|1|0|CHI|NC5|21|136|||8|1|0||"
"2REL","3","1","NC5","","Religious Education Level 2","12","NCEA Level 2","Religious Education","CHI","16","/ 91","2026TT","2REL||3|1|0|CHI|NC5|16|91|||8|1|0||"
"3ARH","6","1","TWM18","","Art History Level 3","13","NCEA Level 3","Social Science","BGT","27","/ 46","2026TT","3ARH||6|1|0|BGT|TWM18|27|46|||8|1|0||"
"3ARH","4","1","TWM18","","Art History Level 3","13","NCEA Level 3","Social Science","BGT","19","/ 46","2026TT","3ARH||4|1|0|BGT|TWM18|19|46|||8|1|0||"
"2ARC","2","1","TWM18","","Art History and Classics Level 2","12","NCEA Level 2","Social Science","BGT","20","/ 20","2026TT","2ARC||2|1|0|BGT|TWM18|20|20|||8|1|0||"
"2DVC","5","1","PR8","","Design and Visual Communication Level 2","12","NCEA Level 2","Technology","AMS","8","/ 8","2026TT","2DVC||5|1|0|AMS|PR8|8|8|||8|1|0|11|200001775"
"3REL","6","1","TWM1","","Religious Education Level 3","13","NCEA Level 3","Religious Education","AKN","19","/ 116","2026TT","3REL||6|1|0|AKN|TWM1|19|116|||8|1|0||"
"2ARP","3","1","MN9","","Art Painting Level 2","12","NCEA Level 2","Art","ABY","26","/ 26","2026TT","2ARP||3|1|0|ABY|MN9|26|26|||8|1|0||"
"3CLA","3","1","SN9","","Classics Level 3","13","NCEA Level 3","Social Science","MKI","15","/ 31","2026TT","3CLA||3|1|0|MKI|SN9|15|31|||8|1|0||"
"3CLA","1","1","SN9","","Classics Level 3","13","NCEA Level 3","Social Science","MKI","16","/ 31","2026TT","3CLA||1|1|0|MKI|SN9|16|31|||8|1|0||"
"3DRA","2","1","RS5","","Drama Level 3","13","NCEA Level 3","Drama","LMB","6","/ 6","2026TT","3DRA||2|1|0|LMB|RS5|6|6|||8|1|0||"
"1DTE","6","1","PR11","","Digital Technologies Level 1","11","Year 11 Diploma","Technology","HHN","4","/ 4","2026TT","1DTE||6|1|0|HHN|PR11|4|4|||8|1|0|16|200001693"
"2DTE","6","1","PR11","","Digital Technologies Level 2","12","NCEA Level 2","Technology","HHN","3","/ 3","2026TT","2DTE||6|1|0|HHN|PR11|3|3|||8|1|0|16|200001693"
"3DTE","6","1","PR11","","Digital Technologies Level 3","13","NCEA Level 3","Technology","HHN","9","/ 9","2026TT","3DTE||6|1|0|HHN|PR11|9|9|||8|1|0|16|200001693"
"3BIO","3","1","TWM8","","Biology Level 3","13","NCEA Level 3","Science","GTD","27","/ 72","2026TT","3BIO||3|1|0|GTD|TWM8|27|72|||8|1|0||"
"1ECO","6","1","SN3","","Economics & Business Level 1","11","Year 11 Diploma","Social Science","AUG","23","/ 34","2026TT","1ECO||6|1|0|AUG|SN3|23|34|||8|1|0||"
"2BIO","1","1","TWM8","","Biology Level 2","12","NCEA Level 2","Science","TLG","19","/ 63","2026TT","2BIO||1|1|0|TLG|TWM8|19|63|||8|1|0||"
"1FRE","6","1","SN1","","French Level 1","11","Year 11 Diploma","Languages","TLD","8","/ 8","2026TT","1FRE||6|1|0|TLD|SN1|8|8|||8|1|0||"
"1ENG","3","1","SN11","","Academic English Level 1","11","Year 11 Diploma","English","SNP","27","/ 80","2026TT","1ENG||3|1|0|SNP|SN11|27|80|||8|1|0||"
"3HIS","4","1","TWM15","","History Level 3","13","NCEA Level 3","Social Science","SCH","31","/ 34","2026TT","3HIS||4|1|0|SCH|TWM15|31|34|||8|1|0||"
"3TOU","1","1","TWM13","","Tourism Studies","13","NCEA Level 3","Tourism","SCH","13","/ 13","2026TT","3TOU||1|1|0|SCH|TWM13|13|13|||8|1|0||"
"1DNC","2","1","RS4","","Dance Level 1","11","Year 11 Diploma","Dance","RSN","11","/ 11","2026TT","1DNC||2|1|0|RSN|RS4|11|11|||8|1|0||"
"1GEO","3","1","TWM15","","Geography Level 1","11","Year 11 Diploma","Social Science","RCH","17","/ 17","2026TT","1GEO||3|1|0|RCH|TWM15|17|17|||8|1|0||"
"1MTC","3","1","CG3","","Combined Maths Level 1","11","Year 11 Diploma","Mathematics","PNH","15","/ 42","2026TT","1MTC||3|1|0|PNH|CG3|15|42|||8|1|0||"
"3MAC","5","1","PR2","","Calculus Level 3","13","NCEA Level 3","Mathematics","MSL","15","/ 31","2026TT","3MAC||5|1|0|MSL|PR2|15|31|||8|1|0||"
"1JPN","1","1","SN2","","Japanese Level 1","11","Year 11 Diploma","Languages","ITO","7","/ 7","2026TT","1JPN||1|1|0|ITO|SN2|7|7|||8|1|0||"
"2CHE","4","1","TWM5","","Chemistry Level 2","12","NCEA Level 2","Science","BDI","21","/ 46","2026TT","2CHE||4|1|0|BDI|TWM5|21|46|||8|1|0||"
"1DVC","4","1","PR8","","Design and Visual Communication Level 1","11","Year 11 Diploma","Technology","AMS","19","/ 19","2026TT","1DVC||4|1|0|AMS|PR8|19|19|||8|1|0||"
"1ENP","2","1","SN11","","Practical English Level 1","11","Year 11 Diploma","English","SNP","15","/ 52","2026TT","1ENP||2|1|0|SNP|SN11|15|52|||8|1|0||"
"1SCI","4","1","TWM10","","Science Level 1","11","Year 11 Diploma","Science","GTD","30","/ 90","2026TT","1SCI||4|1|0|GTD|TWM10|30|90|||8|1|0||"
"1ENP","5","1","SN8","","Practical English Level 1","11","Year 11 Diploma","English","FNZ","19","/ 52","2026TT","1ENP||5|1|0|FNZ|SN8|19|52|||8|1|0||"
"1MAT","6","1","CG1","","Mathematics Level 1","11","Year 11 Diploma","Mathematics","FGN","20","/ 47","2026TT","1MAT||6|1|0|FGN|CG1|20|47|||8|1|0||"
"1HIS","2","1","TWM13","","History Level 1","11","Year 11 Diploma","Social Science","EVC","17","/ 42","2026TT","1HIS||2|1|0|EVC|TWM13|17|42|||8|1|0||"
"1SCI","5","1","TWM8","","Science Level 1","11","Year 11 Diploma","Science","BDI","31","/ 90","2026TT","1SCI||5|1|0|BDI|TWM8|31|90|||8|1|0||"
"1ECO","2","1","SN3","","Economics & Business Level 1","11","Year 11 Diploma","Social Science","AUG","11","/ 34","2026TT","1ECO||2|1|0|AUG|SN3|11|34|||8|1|0||"
"1ART","4","1","MN9","","Visual Art Level 1","11","Year 11 Diploma","ART","ABY","27","/ 54","2026TT","1ART||4|1|0|ABY|MN9|27|54|||8|1|0||"
"3ARD","6","1","","","3ARD","3","Year 3","ARD","","0","/ 0","2026TT","3ARD||6|1|0|||0|0|||8|1|0||"
"1HIS","6","1","TWM13","","History Level 1","11","Year 11 Diploma","Social Science","EVC","25","/ 42","2026TT","1HIS||6|1|0|EVC|TWM13|25|42|||8|1|0||"
"2WSK","4","1","LSP","","Work and Community Skills Year 12","12","NCEA Level 2","Learning Support","GLN","2","/ 2","2026TT","2WSK||4|1|0|GLN|LSP|2|2|||8|1|0|5|200001722"
"3WSK","4","1","LSP","","Work and Community Skills Year 13","13","NCEA Level 3","Learning Support","GLN","3","/ 3","2026TT","3WSK||4|1|0|GLN|LSP|3|3|||8|1|0|5|200001722"
"2OED","1","1","GG1","","Outdoor Education Level 2","12","NCEA Level 2","Health & PE","TNY","13","/ 13","2026TT","2OED||1|1|0|TNY|GG1|13|13|||8|1|0||"
"10MUS","1","1","MUSIC","","Music Year 10","10","Year 10","Music","LIU","12","/ 12","2026TT","10MUS||1|1|0|LIU|MUSIC|12|12|||4|1|0||"
"10TTE","1","1","PR5","","Textiles Technology Year 10","10","Year 10","Technology","GRY","19","/ 20","2026TT","10TTE||1|1|0|GRY|PR5|19|20|||4|1|0||"
"3PED","5","1","GG1","","Physical Education Level 3","13","NCEA Level 3","Health & PE","TNY","17","/ 17","2026TT","3PED||5|1|0|TNY|GG1|17|17|||8|1|0||"
"2ENG","2","1","SN10","","Academic English Level 2","12","NCEA Level 2","English","GDR","26","/ 51","2026TT","2ENG||2|1|0|GDR|SN10|26|51|||8|1|0||"
"1REL","6","1","TWM2","","Religious Education Level 1","11","Year 11 Diploma","Religious Education","SIL","32","/ 136","2026TT","1REL||6|1|0|SIL|TWM2|32|136|||8|1|0||"
"1REL","3","1","TWM2","","Religious Education Level 1","11","Year 11 Diploma","Religious Education","SIL","21","/ 136","2026TT","1REL||3|1|0|SIL|TWM2|21|136|||8|1|0||"
"1REL","1","1","TWM2","","Religious Education Level 1","11","Year 11 Diploma","Religious Education","SIL","32","/ 136","2026TT","1REL||1|1|0|SIL|TWM2|32|136|||8|1|0||"
"3CAR","6","1","TWM1","3REL","Careers Level 3","13","NCEA Level 3","Career Pathways","AKN","19","/ 116","2026TT","3CAR||6|1|0|AKN|TWM1|19|116||3REL|8|4|0||"
"3REL","6","1","TWM1","","Religious Education Level 3","13","NCEA Level 3","Religious Education","NLT","19","/ 116","2026TT","3REL||6|1|0|NLT|TWM1|19|116|||8|1|1||"
"3CAR","6","1","TWM1","3REL","Careers Level 3","13","NCEA Level 3","Career Pathways","NLT","19","/ 116","2026TT","3CAR||6|1|0|NLT|TWM1|19|116||3REL|8|4|1||"
"3REL","5","1","TWM1","","Religious Education Level 3","13","NCEA Level 3","Religious Education","NLT","30","/ 116","2026TT","3REL||5|1|0|NLT|TWM1|30|116|||8|1|1||"
"3CAR","5","1","TWM1","3REL","Careers Level 3","13","NCEA Level 3","Career Pathways","NLT","30","/ 116","2026TT","3CAR||5|1|0|NLT|TWM1|30|116||3REL|8|4|1||"
"1CAR","5","1","NC5","1REL","Careers Level 1","11","Year 11 Diploma","Career Pathways","CHI","30","/ 136","2026TT","1CAR||5|1|0|CHI|NC5|30|136||1REL|8|4|0||"
"1REL","5","1","NC5","","Religious Education Level 1","11","Year 11 Diploma","Religious Education","NLT","30","/ 136","2026TT","1REL||5|1|0|NLT|NC5|30|136|||8|1|1||"
"1CAR","5","1","NC5","1REL","Careers Level 1","11","Year 11 Diploma","Career Pathways","NLT","30","/ 136","2026TT","1CAR||5|1|0|NLT|NC5|30|136||1REL|8|4|1||"
"1CAR","6","1","TWM2","1REL","Careers Level 1","11","Year 11 Diploma","Career Pathways","SIL","32","/ 136","2026TT","1CAR||6|1|0|SIL|TWM2|32|136||1REL|8|4|0||"
"1REL","6","1","TWM2","","Religious Education Level 1","11","Year 11 Diploma","Religious Education","NLT","32","/ 136","2026TT","1REL||6|1|0|NLT|TWM2|32|136|||8|1|1||"
"1CAR","6","1","TWM2","1REL","Careers Level 1","11","Year 11 Diploma","Career Pathways","NLT","32","/ 136","2026TT","1CAR||6|1|0|NLT|TWM2|32|136||1REL|8|4|1||"
"1CAR","3","1","TWM2","1REL","Careers Level 1","11","Year 11 Diploma","Career Pathways","SIL","21","/ 136","2026TT","1CAR||3|1|0|SIL|TWM2|21|136||1REL|8|4|0||"
"1REL","3","1","TWM2","","Religious Education Level 1","11","Year 11 Diploma","Religious Education","NLT","21","/ 136","2026TT","1REL||3|1|0|NLT|TWM2|21|136|||8|1|1||"
"1CAR","3","1","TWM2","1REL","Careers Level 1","11","Year 11 Diploma","Career Pathways","NLT","21","/ 136","2026TT","1CAR||3|1|0|NLT|TWM2|21|136||1REL|8|4|1||"
"3CAR","3","1","TWM1","3REL","Careers Level 3","13","NCEA Level 3","Career Pathways","STC","20","/ 116","2026TT","3CAR||3|1|0|STC|TWM1|20|116||3REL|8|4|0||"
"3REL","3","1","TWM1","","Religious Education Level 3","13","NCEA Level 3","Religious Education","NLT","20","/ 116","2026TT","3REL||3|1|0|NLT|TWM1|20|116|||8|1|1||"
"3CAR","3","1","TWM1","3REL","Careers Level 3","13","NCEA Level 3","Career Pathways","NLT","20","/ 116","2026TT","3CAR||3|1|0|NLT|TWM1|20|116||3REL|8|4|1||"
"3CAR","2","1","TWM1","3REL","Careers Level 3","13","NCEA Level 3","Career Pathways","STC","25","/ 116","2026TT","3CAR||2|1|0|STC|TWM1|25|116||3REL|8|4|0||"
"3REL","2","1","TWM1","","Religious Education Level 3","13","NCEA Level 3","Religious Education","NLT","25","/ 116","2026TT","3REL||2|1|0|NLT|TWM1|25|116|||8|1|1||"
"3CAR","2","1","TWM1","3REL","Careers Level 3","13","NCEA Level 3","Career Pathways","NLT","25","/ 116","2026TT","3CAR||2|1|0|NLT|TWM1|25|116||3REL|8|4|1||"
"3CAR","1","1","TWM1","3REL","Careers Level 3","13","NCEA Level 3","Career Pathways","STC","23","/ 116","2026TT","3CAR||1|1|0|STC|TWM1|23|116||3REL|8|4|0||"
"3REL","1","1","TWM1","","Religious Education Level 3","13","NCEA Level 3","Religious Education","NLT","23","/ 116","2026TT","3REL||1|1|0|NLT|TWM1|23|116|||8|1|1||"
"3CAR","1","1","TWM1","3REL","Careers Level 3","13","NCEA Level 3","Career Pathways","NLT","23","/ 116","2026TT","3CAR||1|1|0|NLT|TWM1|23|116||3REL|8|4|1||"
"1CAR","1","1","TWM2","1REL","Careers Level 1","11","Year 11 Diploma","Career Pathways","SIL","32","/ 136","2026TT","1CAR||1|1|0|SIL|TWM2|32|136||1REL|8|4|0||"
"1REL","1","1","TWM2","","Religious Education Level 1","11","Year 11 Diploma","Religious Education","NLT","32","/ 136","2026TT","1REL||1|1|0|NLT|TWM2|32|136|||8|1|1||"
"1CAR","1","1","TWM2","1REL","Careers Level 1","11","Year 11 Diploma","Career Pathways","NLT","32","/ 136","2026TT","1CAR||1|1|0|NLT|TWM2|32|136||1REL|8|4|1||"
"1CAR","4","1","NC5","1REL","Careers Level 1","11","Year 11 Diploma","Career Pathways","CHI","21","/ 136","2026TT","1CAR||4|1|0|CHI|NC5|21|136||1REL|8|4|0||"
"1REL","4","1","NC5","","Religious Education Level 1","11","Year 11 Diploma","Religious Education","NLT","21","/ 136","2026TT","1REL||4|1|0|NLT|NC5|21|136|||8|1|1||"
"1CAR","4","1","NC5","1REL","Careers Level 1","11","Year 11 Diploma","Career Pathways","NLT","21","/ 136","2026TT","1CAR||4|1|0|NLT|NC5|21|136||1REL|8|4|1||"
"2STU","1","1","NC5","2REL","STUDY","12","Year 12","Study","CHI","25","/ 91","2026TT","2STU||1|1|0|CHI|NC5|25|91||2REL|8|4|0||"
"2REL","1","1","NC5","","Religious Education Level 2","12","NCEA Level 2","Religious Education","STU","25","/ 91","2026TT","2REL||1|1|0|STU|NC5|25|91|||8|1|1||"
"2STU","1","1","NC5","2REL","STUDY","12","Year 12","Study","STU","25","/ 91","2026TT","2STU||1|1|0|STU|NC5|25|91||2REL|8|4|1||"
"2STU","4","1","TWM1","2REL","STUDY","12","Year 12","Study","STC","26","/ 91","2026TT","2STU||4|1|0|STC|TWM1|26|91||2REL|8|4|0||"
"2REL","4","1","TWM1","","Religious Education Level 2","12","NCEA Level 2","Religious Education","STU","26","/ 91","2026TT","2REL||4|1|0|STU|TWM1|26|91|||8|1|1||"
"2STU","4","1","TWM1","2REL","STUDY","12","Year 12","Study","STU","26","/ 91","2026TT","2STU||4|1|0|STU|TWM1|26|91||2REL|8|4|1||"
"2REL","5","1","TWM1","","Religious Education Level 2","12","NCEA Level 2","Religious Education","STU","24","/ 91","2026TT","2REL||5|1|0|STU|TWM1|24|91|||8|1|1||"
"2STU","5","1","TWM1","2REL","STUDY","12","Year 12","Study","STU","24","/ 91","2026TT","2STU||5|1|0|STU|TWM1|24|91||2REL|8|4|1||"
"2STU","3","1","NC5","2REL","STUDY","12","Year 12","Study","CHI","16","/ 91","2026TT","2STU||3|1|0|CHI|NC5|16|91||2REL|8|4|0||"
"2REL","3","1","NC5","","Religious Education Level 2","12","NCEA Level 2","Religious Education","STU","16","/ 91","2026TT","2REL||3|1|0|STU|NC5|16|91|||8|1|1||"
"2STU","3","1","NC5","2REL","STUDY","12","Year 12","Study","STU","16","/ 91","2026TT","2STU||3|1|0|STU|NC5|16|91||2REL|8|4|1||"
"10AEC","2","1","PR8","","Accounting & Economics Year 10","10","Year 10","Social Science","SHA","28","/ 81","2026TT","10AEC||2|1|0|SHA|PR8|28|81|||4|1|0||"
"10ART","3","1","MN10","","Art Year 10","10","Year 10","Art","ABY","22","/ 61","2026TT","10ART||3|1|0|ABY|MN10|22|61|||4|1|0||"
"10ART","2","1","MN10","","Art Year 10","10","Year 10","Art","ABY","24","/ 61","2026TT","10ART||2|1|0|ABY|MN10|24|61|||4|1|0||"
"10CDG","2","1","PR11","","Coding Year 10","10","Year 10","Technology","HHN","10","/ 10","2026TT","10CDG||2|1|0|HHN|PR11|10|10|||4|1|0||"
"10DNC","2","1","RS4","","Dance Year 10","10","Year 10","Dance","RSN","18","/ 18","2026TT","10DNC||2|1|0|RSN|RS4|18|18|||4|1|0||"
"10DRA","2","1","RS5","","Drama Year 10","10","Year 10","Drama","LMB","14","/ 31","2026TT","10DRA||2|1|0|LMB|RS5|14|31|||4|1|0||"
"10DRA","1","1","RS5","","Drama Year 10","10","Year 10","Drama","LMB","17","/ 31","2026TT","10DRA||1|1|0|LMB|RS5|17|31|||4|1|0||"
"10DTE","1","1","PR11","","Digital Technology Year 10","10","Year 10","Technology","HHN","16","/ 16","2026TT","10DTE||1|1|0|HHN|PR11|16|16|||4|1|0||"
"10DVC","3","1","PR8","","Design and Visual Communication Year 10","10","Year 10","Technology","AMS","23","/ 45","2026TT","10DVC||3|1|0|AMS|PR8|23|45|||4|1|0||"
"10DVC","1","1","PR8","","Design and Visual Communication Year 10","10","Year 10","Technology","AMS","22","/ 45","2026TT","10DVC||1|1|0|AMS|PR8|22|45|||4|1|0||"
"10JPN","3","1","SN2","","Japanese Year 10","10","Year 10","Languages","ITO","16","/ 16","2026TT","10JPN||3|1|0|ITO|SN2|16|16|||4|1|0||"
"10LIT","2","1","SN11","","Literacy Year 10","10","Year 10","Learning Support","SKN","12","/ 29","2026TT","10LIT||2|1|0|SKN|SN11|12|29|||4|1|0||"
"10SPO","3","1","GG4","","Sports Studies Year 10","10","Year 10","Health & PE","GRM","27","/ 27","2026TT","10SPO||3|1|0|GRM|GG4|27|27|||4|1|0||"
"10ESL","3","1","SN4","","English Language Year 10","10","Year 10","English Language","TOA","2","/ 2","2026TT","10ESL||3|1|0|TOA|SN4|2|2|||4|1|0||"
"10FRE","2","1","SN1","","French Year 10","10","Year 10","Languages","TLD","20","/ 20","2026TT","10FRE||2|1|0|TLD|SN1|20|20|||4|1|0||"
"10AEC","3","1","PR2","","Accounting & Economics Year 10","10","Year 10","Social Science","SHA","29","/ 81","2026TT","10AEC||3|1|0|SHA|PR2|29|81|||4|1|0||"
"10AEC","1","1","SN3","","Accounting & Economics Year 10","10","Year 10","Social Science","AUG","24","/ 81","2026TT","10AEC||1|1|0|AUG|SN3|24|81|||4|1|0||"
"1ENG","3","2","SN10","","Academic English Level 1","11","Year 11 Diploma","English","GDR","28","/ 80","2026TT","1ENG||3|2|0|GDR|SN10|28|80|||8|1|0||"
"3ENP","4","1","SN5","","Practical English Level 3","13","NCEA Level 3","English","MST","11","/ 11","2026TT","3ENP||4|1|0|MST|SN5|11|11|||8|1|0||"
"1ENP","3","1","SN7","","Practical English Level 1","11","Year 11 Diploma","English","KNY","18","/ 52","2026TT","1ENP||3|1|0|KNY|SN7|18|52|||8|1|0||"
"10ART","1","1","MN10","","Art Year 10","10","Year 10","Art","ABY","15","/ 61","2026TT","10ART||1|1|0|ABY|MN10|15|61|||4|1|0||"
"10LIT","3","1","SN7","","Literacy Year 10","10","Year 10","Learning Support","SKN","17","/ 29","2026TT","10LIT||3|1|0|SKN|SN7|17|29|||4|1|0||"
"10SOS","10AC","","TWM13","","Social Studies Year 10","10","Year 10","Social Science","EVC","29","/ 29","2026TT","10SOS|10AC||||EVC|TWM13|29|29|||4|2|0||"
"10ENG","10AC","","SN8","","English Year 10","10","Year 10","English","FNZ","29","/ 29","2026TT","10ENG|10AC||||FNZ|SN8|29|29|||4|2|0||"
"10REL","10AC","","TWM2","","Religious Education Year 10","10","Year 10","Religious Education","JHN","29","/ 29","2026TT","10REL|10AC||||JHN|TWM2|29|29|||4|2|0||"
"10SOS","10DQ","","TWM16","","Social Studies Year 10","10","Year 10","Social Science","BGT","27","/ 27","2026TT","10SOS|10DQ||||BGT|TWM16|27|27|||4|2|0||"
"10SCI","10DQ","","TWM5","","Science Year 10","10","Year 10","Science","HGS","27","/ 27","2026TT","10SCI|10DQ||||HGS|TWM5|27|27|||4|2|0||"
"10MAT","10DQ","","CG2","","Mathematics Year 10","10","Year 10","Mathematics","OZH","27","/ 27","2026TT","10MAT|10DQ||||OZH|CG2|27|27|||4|2|0||"
"10ENG","10DQ","","SN10","","English Year 10","10","Year 10","English","GDR","27","/ 27","2026TT","10ENG|10DQ||||GDR|SN10|27|27|||4|2|0||"
"10REL","10DQ","","TRP1","","Religious Education Year 10","10","Year 10","Religious Education","JCS","27","/ 27","2026TT","10REL|10DQ||||JCS|TRP1|27|27|||4|2|0||"
"10SOS","10KW","","TWM16","","Social Studies Year 10","10","Year 10","Social Science","RCH","22","/ 22","2026TT","10SOS|10KW||||RCH|TWM16|22|22|||4|2|0||"
"10SCI","10KW","","TWM8","","Science Year 10","10","Year 10","Science","TLG","22","/ 22","2026TT","10SCI|10KW||||TLG|TWM8|22|22|||4|2|0||"
"10MAT","10KW","","PR1","","Mathematics Year 10","10","Year 10","Mathematics","SON","22","/ 22","2026TT","10MAT|10KW||||SON|PR1|22|22|||4|2|0||"
"10ENG","10KW","","SN11","","English Year 10","10","Year 10","English","SNP","22","/ 22","2026TT","10ENG|10KW||||SNP|SN11|22|22|||4|2|0||"
"10REL","10KW","","TRP1","","Religious Education Year 10","10","Year 10","Religious Education","JCS","22","/ 22","2026TT","10REL|10KW||||JCS|TRP1|22|22|||4|2|0||"
"10SOS","10MV","","SN9","","Social Studies Year 10","10","Year 10","Social Science","MKI","21","/ 21","2026TT","10SOS|10MV||||MKI|SN9|21|21|||4|2|0||"
"10MAT","10MV","","CG2","","Mathematics Year 10","10","Year 10","Mathematics","OZH","21","/ 21","2026TT","10MAT|10MV||||OZH|CG2|21|21|||4|2|0||"
"10ENG","10MV","","SN1","","English Year 10","10","Year 10","English","TLD","21","/ 21","2026TT","10ENG|10MV||||TLD|SN1|21|21|||4|2|0||"
"10REL","10MV","","NC5","","Religious Education Year 10","10","Year 10","Religious Education","CHI","21","/ 21","2026TT","10REL|10MV||||CHI|NC5|21|21|||4|2|0||"
"10SOS","10SE","","TWM16","","Social Studies Year 10","10","Year 10","Social Science","RCH","23","/ 23","2026TT","10SOS|10SE||||RCH|TWM16|23|23|||4|2|0||"
"10SCI","10SE","","TWM12","","Science Year 10","10","Year 10","Science","CLS","23","/ 23","2026TT","10SCI|10SE||||CLS|TWM12|23|23|||4|2|0||"
"10ENG","10SE","","SN11","","English Year 10","10","Year 10","English","SNP","23","/ 23","2026TT","10ENG|10SE||||SNP|SN11|23|23|||4|2|0||"
"10REL","10SE","","NC5","","Religious Education Year 10","10","Year 10","Religious Education","CHI","23","/ 23","2026TT","10REL|10SE||||CHI|NC5|23|23|||4|2|0||"
"10SOS","10ZA","","SN9","","Social Studies Year 10","10","Year 10","Social Science","MKI","23","/ 23","2026TT","10SOS|10ZA||||MKI|SN9|23|23|||4|2|0||"
"10MAT","10ZA","","CG1","","Mathematics Year 10","10","Year 10","Mathematics","FGN","23","/ 23","2026TT","10MAT|10ZA||||FGN|CG1|23|23|||4|2|0||"
"10ENG","10ZA","","SN10","","English Year 10","10","Year 10","English","GDR","23","/ 23","2026TT","10ENG|10ZA||||GDR|SN10|23|23|||4|2|0||"
"10REL","10ZA","","TWM2","","Religious Education Year 10","10","Year 10","Religious Education","JHN","23","/ 23","2026TT","10REL|10ZA||||JHN|TWM2|23|23|||4|2|0||"
"9TEC","9TC","","PR4","","Technology Year 9","9","Year 9","Technology","BRN","28","/ 28","2026TT","9TEC|9TC||||BRN|PR4|28|28|||2|2|0||"
"9TEC","9TC","","PR6","","Technology Year 9","9","Year 9","Technology","AMS","28","/ 28","2026TT","9TEC|9TC||||AMS|PR6|28|28|||2|2|0||"
"9TEC","9TC","","PR5","","Technology Year 9","9","Year 9","Technology","GRY","28","/ 28","2026TT","9TEC|9TC||||GRY|PR5|28|28|||2|2|0||"
"9TEC","9TC","","NC2","","Technology Year 9","9","Year 9","Technology","SHA","28","/ 28","2026TT","9TEC|9TC||||SHA|NC2|28|28|||2|2|0||"
"9DRA","9TC","","RS5","","Drama Year 9","9","Year 9","Drama","","28","/ 28","2026TT","9DRA|9TC|||||RS5|28|28|||2|2|0||"
"9ART","9TC","","MN9","","Art Year 9","9","Year 9","Art","MTN","28","/ 28","2026TT","9ART|9TC||||MTN|MN9|28|28|||2|2|0||"
"9DNC","9TC","","RS4","","Dance Year 9","9","Year 9","Dance","RSN","28","/ 28","2026TT","9DNC|9TC||||RSN|RS4|28|28|||2|2|0||"
"9MUS","9TC","","MUSIC","","Music Year 9","9","Year 9","Music","NLN","28","/ 28","2026TT","9MUS|9TC||||NLN|MUSIC|28|28|||2|2|0||"
"9TEC","9PX","","PR6","","Technology Year 9","9","Year 9","Technology","AMS","24","/ 24","2026TT","9TEC|9PX||||AMS|PR6|24|24|||2|2|0||"
"9TEC","9PX","","PR5","","Technology Year 9","9","Year 9","Technology","GRY","24","/ 24","2026TT","9TEC|9PX||||GRY|PR5|24|24|||2|2|0||"
"9TEC","9PX","","NC2","","Technology Year 9","9","Year 9","Technology","SHA","24","/ 24","2026TT","9TEC|9PX||||SHA|NC2|24|24|||2|2|0||"
"9TEC","9PX","","PR4","","Technology Year 9","9","Year 9","Technology","BRN","24","/ 24","2026TT","9TEC|9PX||||BRN|PR4|24|24|||2|2|0||"
"9DRA","9PX","","RS5","","Drama Year 9","9","Year 9","Drama","LMB","24","/ 24","2026TT","9DRA|9PX||||LMB|RS5|24|24|||2|2|0||"
"9MUS","9PX","","MUSIC","","Music Year 9","9","Year 9","Music","LIU","24","/ 24","2026TT","9MUS|9PX||||LIU|MUSIC|24|24|||2|2|0||"
"9ART","9PX","","MN9","","Art Year 9","9","Year 9","Art","SLG","24","/ 24","2026TT","9ART|9PX||||SLG|MN9|24|24|||2|2|0||"
"9DNC","9PX","","RS4","","Dance Year 9","9","Year 9","Dance","RSN","24","/ 24","2026TT","9DNC|9PX||||RSN|RS4|24|24|||2|2|0||"
"9TEC","9JS","","PR5","","Technology Year 9","9","Year 9","Technology","GRY","26","/ 26","2026TT","9TEC|9JS||||GRY|PR5|26|26|||2|2|0||"
"9TEC","9JS","","NC2","","Technology Year 9","9","Year 9","Technology","SHA","26","/ 26","2026TT","9TEC|9JS||||SHA|NC2|26|26|||2|2|0||"
"9TEC","9JS","","PR6","","Technology Year 9","9","Year 9","Technology","AMS","26","/ 26","2026TT","9TEC|9JS||||AMS|PR6|26|26|||2|2|0||"
"9MUS","9JS","","MUSIC","","Music Year 9","9","Year 9","Music","LIU","26","/ 26","2026TT","9MUS|9JS||||LIU|MUSIC|26|26|||2|2|0||"
"9DRA","9JS","","RS5","","Drama Year 9","9","Year 9","Drama","LMB","26","/ 26","2026TT","9DRA|9JS||||LMB|RS5|26|26|||2|2|0||"
"9DNC","9JS","","RS4","","Dance Year 9","9","Year 9","Dance","RSN","26","/ 26","2026TT","9DNC|9JS||||RSN|RS4|26|26|||2|2|0||"
"9ART","9JS","","MN9","","Art Year 9","9","Year 9","Art","SLG","26","/ 26","2026TT","9ART|9JS||||SLG|MN9|26|26|||2|2|0||"
"9TEC","9EN","","NC2","","Technology Year 9","9","Year 9","Technology","SHA","24","/ 24","2026TT","9TEC|9EN||||SHA|NC2|24|24|||2|2|0||"
"9TEC","9EN","","PR4","","Technology Year 9","9","Year 9","Technology","BRN","24","/ 24","2026TT","9TEC|9EN||||BRN|PR4|24|24|||2|2|0||"
"9TEC","9EN","","PR6","","Technology Year 9","9","Year 9","Technology","AMS","24","/ 24","2026TT","9TEC|9EN||||AMS|PR6|24|24|||2|2|0||"
"9TEC","9EN","","PR5","","Technology Year 9","9","Year 9","Technology","GRY","24","/ 24","2026TT","9TEC|9EN||||GRY|PR5|24|24|||2|2|0||"
"9ART","9EN","","MN10","","Art Year 9","9","Year 9","Art","SLG","24","/ 24","2026TT","9ART|9EN||||SLG|MN10|24|24|||2|2|0||"
"9DNC","9EN","","RS4","","Dance Year 9","9","Year 9","Dance","RSN","24","/ 24","2026TT","9DNC|9EN||||RSN|RS4|24|24|||2|2|0||"
"9DRA","9EN","","RS5","","Drama Year 9","9","Year 9","Drama","LMB","24","/ 24","2026TT","9DRA|9EN||||LMB|RS5|24|24|||2|2|0||"
"9MUS","9EN","","MUSIC","","Music Year 9","9","Year 9","Music","LIU","24","/ 24","2026TT","9MUS|9EN||||LIU|MUSIC|24|24|||2|2|0||"
"9DNC","9AC","","RS4","","Dance Year 9","9","Year 9","Dance","RSN","24","/ 24","2026TT","9DNC|9AC||||RSN|RS4|24|24|||2|2|0||"
"9ART","9AC","","MN9","","Art Year 9","9","Year 9","Art","SLG","24","/ 24","2026TT","9ART|9AC||||SLG|MN9|24|24|||2|2|0||"
"9MUS","9AC","","MUSIC","","Music Year 9","9","Year 9","Music","LIU","24","/ 24","2026TT","9MUS|9AC||||LIU|MUSIC|24|24|||2|2|0||"
"9DRA","9AC","","RS5","","Drama Year 9","9","Year 9","Drama","LMB","24","/ 24","2026TT","9DRA|9AC||||LMB|RS5|24|24|||2|2|0||"
"1HLH","5","1","SN6","","Health Level 1","11","Year 11 Diploma","Health & PE","TTA","24","/ 43","2026TT","1HLH||5|1|0|TTA|SN6|24|43|||8|1|0||"
"1HLH","4","1","SN7","","Health Level 1","11","Year 11 Diploma","Health & PE","TTA","19","/ 43","2026TT","1HLH||4|1|0|TTA|SN7|19|43|||8|1|0||"
"1PED","2","1","GG1","","Physical Education Level 1","11","Year 11 Diploma","Health & PE","TTA","11","/ 38","2026TT","1PED||2|1|0|TTA|GG1|11|38|||8|1|0||"
"1ENG","2","1","SN5","","Academic English Level 1","11","Year 11 Diploma","English","MST","25","/ 80","2026TT","1ENG||2|1|0|MST|SN5|25|80|||8|1|0||"
"10SOS","10ZA","","SN9","","Social Studies Year 10","10","Year 10","Social Science","EVC","23","/ 23","2026TT","10SOS|10ZA||||EVC|SN9|23|23|||4|2|1||"
"9TEC","9AC","","PR4","","Technology Year 9","9","Year 9","Technology","SHA","24","/ 24","2026TT","9TEC|9AC||||SHA|PR4|24|24|||2|2|0||"
"9ENG","9AC","","SN7","","English Year 9","9","Year 9","English","KNY","24","/ 24","2026TT","9ENG|9AC||||KNY|SN7|24|24|||2|2|0||"
"9REL","9AC","","TWM2","","Religious Education Year 9","9","Year 9","Religious Education","SIL","24","/ 24","2026TT","9REL|9AC||||SIL|TWM2|24|24|||2|2|0||"
"9SOS","9AC","","SN9","","Social Studies Year 9","9","Year 9","Social Science","MKI","24","/ 24","2026TT","9SOS|9AC||||MKI|SN9|24|24|||2|2|0||"
"9MAT","9AC","","CG3","","Mathematics Year 9","9","Year 9","Mathematics","PNH","24","/ 24","2026TT","9MAT|9AC||||PNH|CG3|24|24|||2|2|0||"
"9SOS","9EN","","TWM17","","Social Studies Year 9","9","Year 9","Social Science","RCH","24","/ 24","2026TT","9SOS|9EN||||RCH|TWM17|24|24|||2|2|0||"
"9MAT","9EN","","PR2","","Mathematics Year 9","9","Year 9","Mathematics","MSL","24","/ 24","2026TT","9MAT|9EN||||MSL|PR2|24|24|||2|2|0||"
"9ENG","9EN","","SN5","","English Year 9","9","Year 9","English","MST","24","/ 24","2026TT","9ENG|9EN||||MST|SN5|24|24|||2|2|0||"
"9REL","9EN","","TWM2","","Religious Education Year 9","9","Year 9","Religious Education","SIL","24","/ 24","2026TT","9REL|9EN||||SIL|TWM2|24|24|||2|2|0||"
"9MAT","9JS","","CG2","","Mathematics Year 9","9","Year 9","Mathematics","GTD","26","/ 26","2026TT","9MAT|9JS||||GTD|CG2|26|26|||2|2|0||"
"9ENG","9JS","","SN5","","English Year 9","9","Year 9","English","MST","26","/ 26","2026TT","9ENG|9JS||||MST|SN5|26|26|||2|2|0||"
"9REL","9JS","","TWM3","","Religious Education Year 9","9","Year 9","Religious Education","JHN","26","/ 26","2026TT","9REL|9JS||||JHN|TWM3|26|26|||2|2|0||"
"9SOS","9PX","","TWM16","","Social Studies Year 9","9","Year 9","Social Science","RCH","24","/ 24","2026TT","9SOS|9PX||||RCH|TWM16|24|24|||2|2|0||"
"9SCI","9PX","","TWM10","","Science Year 9","9","Year 9","Science","BDI","24","/ 24","2026TT","9SCI|9PX||||BDI|TWM10|24|24|||2|2|0||"
"9ENG","9PX","","SN6","","English Year 9","9","Year 9","English","EVA","24","/ 24","2026TT","9ENG|9PX||||EVA|SN6|24|24|||2|2|0||"
"9REL","9PX","","TWM3","","Religious Education Year 9","9","Year 9","Religious Education","JHN","24","/ 24","2026TT","9REL|9PX||||JHN|TWM3|24|24|||2|2|0||"
"9PEH","9TC","","GYM","","Physical Education and Health Year 9","9","Year 9","Health & PE","TTA","28","/ 28","2026TT","9PEH|9TC||||TTA|GYM|28|28|||2|2|0||"
"9SCI","9TC","","TWM10","","Science Year 9","9","Year 9","Science","HGS","28","/ 28","2026TT","9SCI|9TC||||HGS|TWM10|28|28|||2|2|0||"
"9ENG","9TC","","SN7","","English Year 9","9","Year 9","English","KNY","28","/ 28","2026TT","9ENG|9TC||||KNY|SN7|28|28|||2|2|0||"
"9REL","9TC","","TWM3","","Religious Education Year 9","9","Year 9","Religious Education","JHN","28","/ 28","2026TT","9REL|9TC||||JHN|TWM3|28|28|||2|2|0||"
"9MAT","9PX","","CG2","","Mathematics Year 9","9","Year 9","Mathematics","OZH","24","/ 24","2026TT","9MAT|9PX||||OZH|CG2|24|24|||2|2|0||"
"9MAT","9TC","","CG1","","Mathematics Year 9","9","Year 9","Mathematics","FGN","28","/ 28","2026TT","9MAT|9TC||||FGN|CG1|28|28|||2|2|0||"
"9MAO","1","1","TRP1","","Maori Year 9","9","Year 9","Languages","JCS","12","/ 12","2026TT","9MAO||1|1|0|JCS|TRP1|12|12|||2|1|0||"
"9JPNA","1","1","SN2","","Japanese Year 9","9","Year 9","Languages","ITO","24","/ 24","2026TT","9JPNA||1|1|0|ITO|SN2|24|24|||2|1|0||"
"9FREA","1","1","SN1","","French Year 9","9","Year 9","Languages","TLD","12","/ 12","2026TT","9FREA||1|1|0|TLD|SN1|12|12|||2|1|0||"
"9SPO","1","1","GG4","","Sports Studies Year 9","9","Year 9","Health & PE","GRM","17","/ 17","2026TT","9SPO||1|1|0|GRM|GG4|17|17|||2|1|0||"
"9JPNB","1","1","SN2","","Japanese Year 9","9","Year 9","Languages","ITO","31","/ 31","2026TT","9JPNB||1|1|0|ITO|SN2|31|31|||2|1|0||"
"9FREB","1","1","SN1","","French Year 9","9","Year 9","Languages","TLD","15","/ 15","2026TT","9FREB||1|1|0|TLD|SN1|15|15|||2|1|0||"
"8ART","8QF","","MN10","","Art Year 8","8","Year 8","Art","ABY","30","/ 30","2026TT","8ART|8QF||||ABY|MN10|30|30|||1|2|0||"
"8DRA","8QF","","RS5","","Drama Year 8","8","Year 8","Drama","LMB","30","/ 30","2026TT","8DRA|8QF||||LMB|RS5|30|30|||1|2|0||"
"8DNC","8QF","","RS4","","Dance Year 8","8","Year 8","Dance","RSN","30","/ 30","2026TT","8DNC|8QF||||RSN|RS4|30|30|||1|2|0||"
"8MUS","8QF","","MUSIC","","Music Year 8","8","Year 8","Music","NLN","30","/ 30","2026TT","8MUS|8QF||||NLN|MUSIC|30|30|||1|2|0||"
"8MUS","8KJ","","MUSIC","","Music Year 8","8","Year 8","Music","NLN","28","/ 28","2026TT","8MUS|8KJ||||NLN|MUSIC|28|28|||1|2|0||"
"8DNC","8KJ","","RS4","","Dance Year 8","8","Year 8","Dance","RSN","28","/ 28","2026TT","8DNC|8KJ||||RSN|RS4|28|28|||1|2|0||"
"8DRA","8KJ","","RS5","","Drama Year 8","8","Year 8","Drama","LMB","28","/ 28","2026TT","8DRA|8KJ||||LMB|RS5|28|28|||1|2|0||"
"8ART","8KJ","","MN10","","Art Year 8","8","Year 8","Art","ABY","28","/ 28","2026TT","8ART|8KJ||||ABY|MN10|28|28|||1|2|0||"
"8DNC","8ND","","RS4","","Dance Year 8","8","Year 8","Dance","RSN","29","/ 29","2026TT","8DNC|8ND||||RSN|RS4|29|29|||1|2|0||"
"8MUS","8ND","","MUSIC","","Music Year 8","8","Year 8","Music","NLN","29","/ 29","2026TT","8MUS|8ND||||NLN|MUSIC|29|29|||1|2|0||"
"8ART","8ND","","MN10","","Art Year 8","8","Year 8","Art","ABY","29","/ 29","2026TT","8ART|8ND||||ABY|MN10|29|29|||1|2|0||"
"8DRA","8ND","","RS5","","Drama Year 8","8","Year 8","Drama","LMB","29","/ 29","2026TT","8DRA|8ND||||LMB|RS5|29|29|||1|2|0||"
"8DRA","8SZ","","RS5","","Drama Year 8","8","Year 8","Drama","LMB","29","/ 29","2026TT","8DRA|8SZ||||LMB|RS5|29|29|||1|2|0||"
"8ART","8SZ","","MN10","","Art Year 8","8","Year 8","Art","ABY","29","/ 29","2026TT","8ART|8SZ||||ABY|MN10|29|29|||1|2|0||"
"8MUS","8SZ","","MUSIC","","Music Year 8","8","Year 8","Music","NLN","29","/ 29","2026TT","8MUS|8SZ||||NLN|MUSIC|29|29|||1|2|0||"
"8DNC","8SZ","","RS4","","Dance Year 8","8","Year 8","Dance","RSN","29","/ 29","2026TT","8DNC|8SZ||||RSN|RS4|29|29|||1|2|0||"
"8PEH","8KJ","","GYM","","Physical Education and Health Year 8","8","Year 8","Health & PE","TNY","28","/ 28","2026TT","8PEH|8KJ||||TNY|GYM|28|28|||1|2|0||"
"8SOS","8KJ","","TWM19","","Social Studies Year 8","8","Year 8","Social Science","BGT","28","/ 28","2026TT","8SOS|8KJ||||BGT|TWM19|28|28|||1|2|0||"
"8SCI","8KJ","","TWM12","","Science Year 8","8","Year 8","Science","HGS","28","/ 28","2026TT","8SCI|8KJ||||HGS|TWM12|28|28|||1|2|0||"
"8MAT","8KJ","","PR9","","Mathematics Year 8","8","Year 8","Mathematics","OCR","28","/ 28","2026TT","8MAT|8KJ||||OCR|PR9|28|28|||1|2|0||"
"8ENG","8KJ","","SN6","","English Year 8","8","Year 8","English","EVA","28","/ 28","2026TT","8ENG|8KJ||||EVA|SN6|28|28|||1|2|0||"
"8PEH","8ND","","GYM","","Physical Education and Health Year 8","8","Year 8","Health & PE","TNY","29","/ 29","2026TT","8PEH|8ND||||TNY|GYM|29|29|||1|2|0||"
"8SOS","8ND","","TWM18","","Social Studies Year 8","8","Year 8","Social Science","SCH","29","/ 29","2026TT","8SOS|8ND||||SCH|TWM18|29|29|||1|2|0||"
"8SCI","8ND","","TWM10","","Science Year 8","8","Year 8","Science","CRR","29","/ 29","2026TT","8SCI|8ND||||CRR|TWM10|29|29|||1|2|0||"
"8MAT","8ND","","PR2","","Mathematics Year 8","8","Year 8","Mathematics","OCR","29","/ 29","2026TT","8MAT|8ND||||OCR|PR2|29|29|||1|2|0||"
"8ENG","8ND","","SN6","","English Year 8","8","Year 8","English","EVA","29","/ 29","2026TT","8ENG|8ND||||EVA|SN6|29|29|||1|2|0||"
"8REL","8ND","","TWM3","","Religious Education Year 8","8","Year 8","Religious Education","JHN","29","/ 29","2026TT","8REL|8ND||||JHN|TWM3|29|29|||1|2|0||"
"8SOS","8QF","","TWM18","","Social Studies Year 8","8","Year 8","Social Science","SCH","30","/ 30","2026TT","8SOS|8QF||||SCH|TWM18|30|30|||1|2|0||"
"8SCI","8QF","","TWM8","","Science Year 8","8","Year 8","Science","TLG","30","/ 30","2026TT","8SCI|8QF||||TLG|TWM8|30|30|||1|2|0||"
"8MAT","8QF","","SN3","","Mathematics Year 8","8","Year 8","Mathematics","AUG","30","/ 30","2026TT","8MAT|8QF||||AUG|SN3|30|30|||1|2|0||"
"8ENG","8QF","","SN10","","English Year 8","8","Year 8","English","GDR","30","/ 30","2026TT","8ENG|8QF||||GDR|SN10|30|30|||1|2|0||"
"8PEH","8SZ","","GYM","","Physical Education and Health Year 8","8","Year 8","Health & PE","PHS","29","/ 29","2026TT","8PEH|8SZ||||PHS|GYM|29|29|||1|2|0||"
"8SCI","8SZ","","TWM4","","Science Year 8","8","Year 8","Science","CRR","29","/ 29","2026TT","8SCI|8SZ||||CRR|TWM4|29|29|||1|2|0||"
"8MAT","8SZ","","SN3","","Mathematics Year 8","8","Year 8","Mathematics","AUG","29","/ 29","2026TT","8MAT|8SZ||||AUG|SN3|29|29|||1|2|0||"
"8ENG","8SZ","","SN9","","English Year 8","8","Year 8","English","MKI","29","/ 29","2026TT","8ENG|8SZ||||MKI|SN9|29|29|||1|2|0||"
"8REL","8SZ","","TRP1","","Religious Education Year 8","8","Year 8","Religious Education","JCS","29","/ 29","2026TT","8REL|8SZ||||JCS|TRP1|29|29|||1|2|0||"
"1MAT","1","1","CG3","","Mathematics Level 1","11","Year 11 Diploma","Mathematics","PNH","27","/ 47","2026TT","1MAT||1|1|0|PNH|CG3|27|47|||8|1|0||"
"3MAT","4","1","PR1","","Mathematics Level 3","13","NCEA Level 3","Mathematics","RFD","13","/ 14","2026TT","3MAT||4|1|0|RFD|PR1|13|14|||8|1|1||"
"2REL","3","1","NC5","","Religious Education Level 2","12","NCEA Level 2","Religious Education","STC","16","/ 91","2026TT","2REL||3|1|0|STC|NC5|16|91|||8|1|2||"
"2STU","3","1","NC5","2REL","STUDY","12","Year 12","Study","STC","16","/ 91","2026TT","2STU||3|1|0|STC|NC5|16|91||2REL|8|4|2||"
"8TEC","8SZ","","PR5","","Technology Year 8","8","Year 8","Technology","GRY","29","/ 29","2026TT","8TEC|8SZ||||GRY|PR5|29|29|||1|2|0||"
"8TEC","8QF","","PR5","","Technology Year 8","8","Year 8","Technology","SHA","30","/ 30","2026TT","8TEC|8QF||||SHA|PR5|30|30|||1|2|0||"
"8TEC","8KJ","","NC2","","Technology Year 8","8","Year 8","Technology","SHA","28","/ 28","2026TT","8TEC|8KJ||||SHA|NC2|28|28|||1|2|0||"
"8TEC","8ND","","PR5","","Technology Year 8","8","Year 8","Technology","SHA","29","/ 29","2026TT","8TEC|8ND||||SHA|PR5|29|29|||1|2|0||"
"7MUS","7XD","","MUSIC","","Music Year 7","7","Year 7","Music","LIU","24","/ 24","2026TT","7MUS|7XD||||LIU|MUSIC|24|24|||1|2|0||"
"7DRA","7XD","","RS5","","Drama Year 7","7","Year 7","Drama","LMB","24","/ 24","2026TT","7DRA|7XD||||LMB|RS5|24|24|||1|2|0||"
"7DNC","7XD","","RS4","","Dance Year 7","7","Year 7","Dance","RSN","24","/ 24","2026TT","7DNC|7XD||||RSN|RS4|24|24|||1|2|0||"
"7ART","7XD","","MN10","","Art Year 7","7","Year 7","Art","ABY","24","/ 24","2026TT","7ART|7XD||||ABY|MN10|24|24|||1|2|0||"
"7DRA","7VZ","","RS5","","Drama Year 7","7","Year 7","Drama","LMB","23","/ 23","2026TT","7DRA|7VZ||||LMB|RS5|23|23|||1|2|0||"
"7MUS","7VZ","","MUSIC","","Music Year 7","7","Year 7","Music","LIU","23","/ 23","2026TT","7MUS|7VZ||||LIU|MUSIC|23|23|||1|2|0||"
"7ART","7VZ","","MN10","","Art Year 7","7","Year 7","Art","ABY","23","/ 23","2026TT","7ART|7VZ||||ABY|MN10|23|23|||1|2|0||"
"7DNC","7VZ","","RS4","","Dance Year 7","7","Year 7","Dance","RSN","23","/ 23","2026TT","7DNC|7VZ||||RSN|RS4|23|23|||1|2|0||"
"7DNC","7LP","","RS4","","Dance Year 7","7","Year 7","Dance","RSN","22","/ 22","2026TT","7DNC|7LP||||RSN|RS4|22|22|||1|2|0||"
"7ART","7LP","","MN10","","Art Year 7","7","Year 7","Art","ABY","22","/ 22","2026TT","7ART|7LP||||ABY|MN10|22|22|||1|2|0||"
"7MUS","7LP","","MUSIC","","Music Year 7","7","Year 7","Music","LIU","22","/ 22","2026TT","7MUS|7LP||||LIU|MUSIC|22|22|||1|2|0||"
"7DRA","7LP","","RS5","","Drama Year 7","7","Year 7","Drama","LMB","22","/ 22","2026TT","7DRA|7LP||||LMB|RS5|22|22|||1|2|0||"
"7ART","7GK","","MN10","","Art Year 7","7","Year 7","Art","ABY","24","/ 24","2026TT","7ART|7GK||||ABY|MN10|24|24|||1|2|0||"
"7DNC","7GK","","RS4","","Dance Year 7","7","Year 7","Dance","RSN","24","/ 24","2026TT","7DNC|7GK||||RSN|RS4|24|24|||1|2|0||"
"7DRA","7GK","","RS5","","Drama Year 7","7","Year 7","Drama","LMB","24","/ 24","2026TT","7DRA|7GK||||LMB|RS5|24|24|||1|2|0||"
"7MUS","7GK","","MUSIC","","Music Year 7","7","Year 7","Music","LIU","24","/ 24","2026TT","7MUS|7GK||||LIU|MUSIC|24|24|||1|2|0||"
"8REL","8KJ","","TRP1","","Religious Education Year 8","8","Year 8","Religious Education","JCS","28","/ 28","2026TT","8REL|8KJ||||JCS|TRP1|28|28|||1|2|0||"
"8NUMA","1","1","LIB","","Numeracy","8","Year 8","Learning Support","OCR","0","/ 0","2026TT","8NUMA||1|1|0|OCR|LIB|0|0||||1|0||"
"8MAO","8KJ","","TRP1","","Maori Year 8","8","Year 8","Languages","JCS","28","/ 28","2026TT","8MAO|8KJ||||JCS|TRP1|28|28|||1|2|0||"
"8FRE","8KJ","","SN1","","French Year 8","8","Year 8","Languages","TLD","28","/ 28","2026TT","8FRE|8KJ||||TLD|SN1|28|28|||1|2|0||"
"8FRE","8ND","","SN1","","French Year 8","8","Year 8","Languages","TLD","29","/ 29","2026TT","8FRE|8ND||||TLD|SN1|29|29|||1|2|0||"
"8MAO","8ND","","TRP1","","Maori Year 8","8","Year 8","Languages","JCS","29","/ 29","2026TT","8MAO|8ND||||JCS|TRP1|29|29|||1|2|0||"
"8FRE","8SZ","","SN1","","French Year 8","8","Year 8","Languages","TLD","29","/ 29","2026TT","8FRE|8SZ||||TLD|SN1|29|29|||1|2|0||"
"8MAO","8SZ","","TRP1","","Maori Year 8","8","Year 8","Languages","JCS","29","/ 29","2026TT","8MAO|8SZ||||JCS|TRP1|29|29|||1|2|0||"
"8MAO","8QF","","TRP1","","Maori Year 8","8","Year 8","Languages","JCS","30","/ 30","2026TT","8MAO|8QF||||JCS|TRP1|30|30|||1|2|0||"
"8FRE","8QF","","SN1","","French Year 8","8","Year 8","Languages","TLD","30","/ 30","2026TT","8FRE|8QF||||TLD|SN1|30|30|||1|2|0||"
"8MAT","8QF","","SN3","","Mathematics Year 8","8","Year 8","Mathematics","SON","30","/ 30","2026TT","8MAT|8QF||||SON|SN3|30|30|||1|2|1||"
"8REL","8QF","","NC5","","Religious Education Year 8","8","Year 8","Religious Education","CHI","30","/ 30","2026TT","8REL|8QF||||CHI|NC5|30|30|||1|2|0||"
"8REL","8KJ","","TRP1","","Religious Education Year 8","8","Year 8","Religious Education","SIL","28","/ 28","2026TT","8REL|8KJ||||SIL|TRP1|28|28|||1|2|1||"
"10DNCA","3","1","RS4","","Dance A Year 10","10","Year 10","Dance","RSN","5","/ 5","2026TT","10DNCA||3|1|0|RSN|RS4|5|5|||4|1|0||"
"2BIO","4","1","TWM12","","Biology Level 2","12","NCEA Level 2","Science","WDA","19","/ 63","2026TT","2BIO||4|1|0|WDA|TWM12|19|63|||8|1|0||"
"1SCI","2","1","TWM4","","Science Level 1","11","Year 11 Diploma","Science","WDA","29","/ 90","2026TT","1SCI||2|1|0|WDA|TWM4|29|90|||8|1|0||"
"10SCI","10ZA","","TWM12","","Science Year 10","10","Year 10","Science","WDA","23","/ 23","2026TT","10SCI|10ZA||||WDA|TWM12|23|23|||4|2|0||"
"9SCI","9EN","","TWM12","","Science Year 9","9","Year 9","Science","WDA","24","/ 24","2026TT","9SCI|9EN||||WDA|TWM12|24|24|||2|2|0||"
"10SCI","10MV","","TWM10","","Science Year 10","10","Year 10","Science","GTD","21","/ 21","2026TT","10SCI|10MV||||GTD|TWM10|21|21|||4|2|0||"
"9SCI","9AC","","TWM12","","Science Year 9","9","Year 9","Science","HGS","24","/ 24","2026TT","9SCI|9AC||||HGS|TWM12|24|24|||2|2|0||"
"9SCI","9JS","","TWM12","","Science Year 9","9","Year 9","Science","WDA","26","/ 26","2026TT","9SCI|9JS||||WDA|TWM12|26|26|||2|2|0||"
"2MAT","5","1","CG1","","Mathematics Level 2","12","NCEA Level 2","Mathematics","FGN","18","/ 48","2026TT","2MAT||5|1|0|FGN|CG1|18|48|||8|1|0||"
"7REL","7LP","","TWM3","","Religious Education Year 7","7","Year 7","Religious Education","JHN","22","/ 22","2026TT","7REL|7LP||||JHN|TWM3|22|22|||1|2|0||"
"7TEC","7GK","","PR5","","Technology Year 7","7","Year 7","Technology","GRY","24","/ 24","2026TT","7TEC|7GK||||GRY|PR5|24|24|||1|2|0||"
"7PEH","7GK","","GYM","","Physical Education and Health Year 7","7","Year 7","Health & PE","PHS","24","/ 24","2026TT","7PEH|7GK||||PHS|GYM|24|24|||1|2|0||"
"7SOS","7GK","","TWM16","","Social Studies Year 7","7","Year 7","Social Science","EVC","24","/ 24","2026TT","7SOS|7GK||||EVC|TWM16|24|24|||1|2|0||"
"7SCI","7GK","","TWM4","","Science Year 7","7","Year 7","Science","CRR","24","/ 24","2026TT","7SCI|7GK||||CRR|TWM4|24|24|||1|2|0||"
"7MAT","7GK","","CG1","","Mathematics Year 7","7","Year 7","Mathematics","FGN","24","/ 24","2026TT","7MAT|7GK||||FGN|CG1|24|24|||1|2|0||"
"7ENG","7GK","","SN7","","English Year 7","7","Year 7","English","KNY","24","/ 24","2026TT","7ENG|7GK||||KNY|SN7|24|24|||1|2|0||"
"7REL","7GK","","TWM3","","Religious Education Year 7","7","Year 7","Religious Education","JHN","24","/ 24","2026TT","7REL|7GK||||JHN|TWM3|24|24|||1|2|0||"
"7TEC","7LP","","PR4","","Technology Year 7","7","Year 7","Technology","GRY","22","/ 22","2026TT","7TEC|7LP||||GRY|PR4|22|22|||1|2|0||"
"7PEH","7LP","","GYM","","Physical Education and Health Year 7","7","Year 7","Health & PE","TNY","22","/ 22","2026TT","7PEH|7LP||||TNY|GYM|22|22|||1|2|0||"
"7SOS","7LP","","TWM17","","Social Studies Year 7","7","Year 7","Social Science","PTO","22","/ 22","2026TT","7SOS|7LP||||PTO|TWM17|22|22|||1|2|0||"
"7SCI","7LP","","TWM10","","Science Year 7","7","Year 7","Science","BDI","22","/ 22","2026TT","7SCI|7LP||||BDI|TWM10|22|22|||1|2|0||"
"7MAT","7LP","","CG2","","Mathematics Year 7","7","Year 7","Mathematics","OZH","22","/ 22","2026TT","7MAT|7LP||||OZH|CG2|22|22|||1|2|0||"
"7ENG","7LP","","SN11","","English Year 7","7","Year 7","English","SNP","22","/ 22","2026TT","7ENG|7LP||||SNP|SN11|22|22|||1|2|0||"
"7TEC","7VZ","","PR5","","Technology Year 7","7","Year 7","Technology","SHA","23","/ 23","2026TT","7TEC|7VZ||||SHA|PR5|23|23|||1|2|0||"
"7PEH","7VZ","","GYM","","Physical Education and Health Year 7","7","Year 7","Health & PE","TNY","23","/ 23","2026TT","7PEH|7VZ||||TNY|GYM|23|23|||1|2|0||"
"7SOS","7VZ","","TWM19","","Social Studies Year 7","7","Year 7","Social Science","EVC","23","/ 23","2026TT","7SOS|7VZ||||EVC|TWM19|23|23|||1|2|0||"
"7SCI","7VZ","","TWM4","","Science Year 7","7","Year 7","Science","CRR","23","/ 23","2026TT","7SCI|7VZ||||CRR|TWM4|23|23|||1|2|0||"
"7MAT","7VZ","","CG3","","Mathematics Year 7","7","Year 7","Mathematics","CLS","23","/ 23","2026TT","7MAT|7VZ||||CLS|CG3|23|23|||1|2|0||"
"7REL","7VZ","","TWM2","","Religious Education Year 7","7","Year 7","Religious Education","BDI","23","/ 23","2026TT","7REL|7VZ||||BDI|TWM2|23|23|||1|2|0||"
"7TEC","7XD","","PR6","","Technology Year 7","7","Year 7","Technology","SHA","24","/ 24","2026TT","7TEC|7XD||||SHA|PR6|24|24|||1|2|0||"
"7PEH","7XD","","GYM","","Physical Education and Health Year 7","7","Year 7","Health & PE","PHS","24","/ 24","2026TT","7PEH|7XD||||PHS|GYM|24|24|||1|2|0||"
"7SOS","7XD","","TWM18","","Social Studies Year 7","7","Year 7","Social Science","PTO","24","/ 24","2026TT","7SOS|7XD||||PTO|TWM18|24|24|||1|2|0||"
"7SCI","7XD","","TWM12","","Science Year 7","7","Year 7","Science","HGS","24","/ 24","2026TT","7SCI|7XD||||HGS|TWM12|24|24|||1|2|0||"
"7ENG","7XD","","SN6","","English Year 7","7","Year 7","English","EVA","24","/ 24","2026TT","7ENG|7XD||||EVA|SN6|24|24|||1|2|0||"
"1MTC","1","1","CG1","","Combined Maths Level 1","11","Year 11 Diploma","Mathematics","CLS","27","/ 42","2026TT","1MTC||1|1|0|CLS|CG1|27|42|||8|1|0||"
"7MAT","7XD","","SN3","","Mathematics Year 7","7","Year 7","Mathematics","AUG","24","/ 24","2026TT","7MAT|7XD||||AUG|SN3|24|24|||1|2|0||"
"7JPN","7GK","","SN2","","Japanese Year 7","7","Year 7","Languages","ITO","24","/ 24","2026TT","7JPN|7GK||||ITO|SN2|24|24|||1|2|0||"
"7MAO","7GK","","TRP1","","Maori Year 7","7","Year 7","Languages","NLN","24","/ 24","2026TT","7MAO|7GK||||NLN|TRP1|24|24|||1|2|0||"
"7MAO","7LP","","","","Maori Year 7","7","Year 7","Languages","NLN","22","/ 22","2026TT","7MAO|7LP||||NLN||22|22|||1|2|0||"
"7JPN","7LP","","SN2","","Japanese Year 7","7","Year 7","Languages","ITO","22","/ 22","2026TT","7JPN|7LP||||ITO|SN2|22|22|||1|2|0||"
"7MAO","7VZ","","TRP1","","Maori Year 7","7","Year 7","Languages","NLN","23","/ 23","2026TT","7MAO|7VZ||||NLN|TRP1|23|23|||1|2|0||"
"7JPN","7XD","","SN2","","Japanese Year 7","7","Year 7","Languages","ITO","24","/ 24","2026TT","7JPN|7XD||||ITO|SN2|24|24|||1|2|0||"
"10MAT","10SE","","CG3","","Mathematics Year 10","10","Year 10","Mathematics","PNH","23","/ 23","2026TT","10MAT|10SE||||PNH|CG3|23|23|||4|2|0||"
"3DVC","5","1","PR8","","Design and Visual Communication Level 3","13","NCEA Level 3","Technology","AMS","3","/ 3","2026TT","3DVC||5|1|0|AMS|PR8|3|3|||8|1|0|11|200001775"
"2DVC","5","1","PR8","","Design and Visual Communication Level 2","12","NCEA Level 2","Technology","MTN","8","/ 8","2026TT","2DVC||5|1|0|MTN|PR8|8|8|||8|1|1|11|200001775"
"3DVC","5","1","PR8","","Design and Visual Communication Level 3","13","NCEA Level 3","Technology","MTN","3","/ 3","2026TT","3DVC||5|1|0|MTN|PR8|3|3|||8|1|1|11|200001775"
"8NUMB","1","1","LIB","","Numeracy","8","Year 8","Learning Support","OCR","0","/ 0","2026TT","8NUMB||1|1|0|OCR|LIB|0|0||||1|0||"
"SLT","1","1","Veritas","","Specify Subject Name","1","Year 1","Science","SWN","0","/ 0","2026TT","SLT||1|1|0|SWN|Veritas|0|0||||1|0||"
"SLT","1","1","Veritas","","Specify Subject Name","1","Year 1","Science","JLM","0","/ 0","2026TT","SLT||1|1|0|JLM|Veritas|0|0||||1|0||"
"SLT","1","1","Veritas","","Specify Subject Name","1","Year 1","Science","FRN","0","/ 0","2026TT","SLT||1|1|0|FRN|Veritas|0|0||||1|0||"
"SLT","1","1","Veritas","","Specify Subject Name","1","Year 1","Science","AKN","0","/ 0","2026TT","SLT||1|1|0|AKN|Veritas|0|0||||1|0||"
"1STU4","7","1","SN8","","1STU4","1","Year 1","STU","FNZ","29","/ 29","2026TT","1STU4||7|1|0|FNZ|SN8|29|29|||8|1|0||"
"1STU4","7","1","SN8","","1STU4","1","Year 1","STU","GDR","29","/ 29","2026TT","1STU4||7|1|0|GDR|SN8|29|29|||8|1|1||"
"1STU3","7","1","CG1","","1STU3","1","Year 1","STU","FGN","29","/ 29","2026TT","1STU3||7|1|0|FGN|CG1|29|29|||8|1|0||"
"1STU3","7","1","CG1","","1STU3","1","Year 1","STU","SON","29","/ 29","2026TT","1STU3||7|1|0|SON|CG1|29|29|||8|1|1||"
"1STU1","7","1","TWM8","","1STU1","1","Year 1","STU","CLS","29","/ 29","2026TT","1STU1||7|1|0|CLS|TWM8|29|29|||8|1|0||"
"1STU6","7","1","SN9","","1STU6","1","Year 1","STU","TOA","30","/ 30","2026TT","1STU6||7|1|0|TOA|SN9|30|30|||8|1|0||"
"1STU5","7","1","SN10","","1STU5","1","Year 1","STU","HGS","29","/ 29","2026TT","1STU5||7|1|0|HGS|SN10|29|29|||8|1|0||"
"7REL","7XD","","TWM3","","Religious Education Year 7","7","Year 7","Religious Education","MLM","24","/ 24","2026TT","7REL|7XD||||MLM|TWM3|24|24|||1|2|1||"
"9LIT","1","1","SN4","","Literacy Year 9","9","Year 9","English","TDD","15","/ 15","2026TT","9LIT||1|1|0|TDD|SN4|15|15|||2|1|0||"
"7ENG","7VZ","","SN8","","English Year 7","7","Year 7","English","TDD","23","/ 23","2026TT","7ENG|7VZ||||TDD|SN8|23|23|||1|2|0||"
"8SOS","8SZ","","TWM19","","Social Studies Year 8","8","Year 8","Social Science","TDD","29","/ 29","2026TT","8SOS|8SZ||||TDD|TWM19|29|29|||1|2|0||"
"9SOS","9TC","","TWM17","","Social Studies Year 9","9","Year 9","Social Science","TDD","28","/ 28","2026TT","9SOS|9TC||||TDD|TWM17|28|28|||2|2|0||"
"9SOS","9JS","","TWM16","","Social Studies Year 9","9","Year 9","Social Science","TDD","26","/ 26","2026TT","9SOS|9JS||||TDD|TWM16|26|26|||2|2|0||"
"8NUMB","8QF8SZNUM","","LIB","","Numeracy","8","Year 8","Learning Support","OCR","10","/ 10","2026TT","8NUMB|8QF8SZNUM||||OCR|LIB|10|10|||1|2|0||"
"8NUMA","8KJ8NDNUM","","LIB","","Numeracy","8","Year 8","Learning Support","OCR","13","/ 13","2026TT","8NUMA|8KJ8NDNUM||||OCR|LIB|13|13|||1|2|0||"
"Whanau","13CE","","TWM13","","Specify Subject Name","1","Year 1","SpecifySubjectName","EVC","21","/ 21","2026TT","Whanau|13CE||||EVC|TWM13|21|21|||8|2|0||"
"Whanau","13SA","","SN3","","Specify Subject Name","1","Year 1","SpecifySubjectName","AUG","25","/ 25","2026TT","Whanau|13SA||||AUG|SN3|25|25|||8|2|0||"
"Whanau","13IS","","MN9","","Specify Subject Name","1","Year 1","SpecifySubjectName","SLG","22","/ 22","2026TT","Whanau|13IS||||SLG|MN9|22|22|||8|2|0||"
"Whanau","13DL","","CG2","","Specify Subject Name","1","Year 1","SpecifySubjectName","LMB","22","/ 22","2026TT","Whanau|13DL||||LMB|CG2|22|22|||8|2|0||"
"Whanau","13ST","","GG1","","Specify Subject Name","1","Year 1","SpecifySubjectName","TNY","27","/ 27","2026TT","Whanau|13ST||||TNY|GG1|27|27|||8|2|0||"
"Whanau","12BH","","TWM12","","Specify Subject Name","1","Year 1","SpecifySubjectName","HGS","21","/ 21","2026TT","Whanau|12BH||||HGS|TWM12|21|21|||8|2|0||"
"Whanau","12LR","","TWM1","","Specify Subject Name","1","Year 1","SpecifySubjectName","RSN","22","/ 22","2026TT","Whanau|12LR||||RSN|TWM1|22|22|||8|2|0||"
"Whanau","12PC","","TWM10","","Specify Subject Name","1","Year 1","SpecifySubjectName","CRR","19","/ 19","2026TT","Whanau|12PC||||CRR|TWM10|19|19|||8|2|0||"
"Whanau","12AG","","CG3","","Specify Subject Name","1","Year 1","SpecifySubjectName","GNA","27","/ 27","2026TT","Whanau|12AG||||GNA|CG3|27|27|||8|2|0||"
"Whanau","11AR","","TWM17","","Specify Subject Name","1","Year 1","SpecifySubjectName","RCH","27","/ 27","2026TT","Whanau|11AR||||RCH|TWM17|27|27|||8|2|0||"
"Whanau","11HJ","","TWM3","","Specify Subject Name","1","Year 1","SpecifySubjectName","JHN","30","/ 30","2026TT","Whanau|11HJ||||JHN|TWM3|30|30|||8|2|0||"
"Whanau","11JA","","MN10","","Specify Subject Name","1","Year 1","SpecifySubjectName","ABY","25","/ 25","2026TT","Whanau|11JA||||ABY|MN10|25|25|||8|2|0||"
"Whanau","11SW","","TWM16","","Specify Subject Name","1","Year 1","SpecifySubjectName","WDA","25","/ 25","2026TT","Whanau|11SW||||WDA|TWM16|25|25|||8|2|0||"
"Whanau","11VC","","TWM2","","Specify Subject Name","1","Year 1","SpecifySubjectName","CLS","33","/ 33","2026TT","Whanau|11VC||||CLS|TWM2|33|33|||8|2|0||"
"Whanau","10NM","","SN5","","Specify Subject Name","1","Year 1","SpecifySubjectName","MST","26","/ 26","2026TT","Whanau|10NM||||MST|SN5|26|26|||4|2|0||"
"Whanau","10PS","","PR1","","Specify Subject Name","1","Year 1","SpecifySubjectName","SON","31","/ 31","2026TT","Whanau|10PS||||SON|PR1|31|31|||4|2|0||"
"Whanau","10KI","","SN2","","Specify Subject Name","1","Year 1","SpecifySubjectName","ITO","29","/ 29","2026TT","Whanau|10KI||||ITO|SN2|29|29|||4|2|0||"
"Whanau","10DT","","SN1","","Specify Subject Name","1","Year 1","SpecifySubjectName","TLD","30","/ 30","2026TT","Whanau|10DT||||TLD|SN1|30|30|||4|2|0||"
"Whanau","10JG","","SN10","","Specify Subject Name","1","Year 1","SpecifySubjectName","GDR","26","/ 26","2026TT","Whanau|10JG||||GDR|SN10|26|26|||4|2|0||"
"Whanau","9AS","","PR8","","Specify Subject Name","1","Year 1","SpecifySubjectName","SHA","22","/ 22","2026TT","Whanau|9AS||||SHA|PR8|22|22|||2|2|0||"
"Whanau","9PB","","TWM8","","Specify Subject Name","1","Year 1","SpecifySubjectName","BDI","25","/ 25","2026TT","Whanau|9PB||||BDI|TWM8|25|25|||2|2|0||"
"Whanau","9SM","","SN9","","Specify Subject Name","1","Year 1","SpecifySubjectName","MKI","25","/ 25","2026TT","Whanau|9SM||||MKI|SN9|25|25|||2|2|0||"
"Whanau","9GH","","PR5","","Specify Subject Name","1","Year 1","SpecifySubjectName","HHN","24","/ 24","2026TT","Whanau|9GH||||HHN|PR5|24|24|||2|2|0||"
"Whanau","8NT","","TWM19","","Specify Subject Name","1","Year 1","SpecifySubjectName","TDD","23","/ 23","2026TT","Whanau|8NT||||TDD|TWM19|23|23|||1|2|0||"
"Whanau","8CK","","SN7","","Specify Subject Name","1","Year 1","SpecifySubjectName","KNY","23","/ 23","2026TT","Whanau|8CK||||KNY|SN7|23|23|||1|2|0||"
"Whanau","8EB","","TWM18","","Specify Subject Name","1","Year 1","SpecifySubjectName","BGT","20","/ 20","2026TT","Whanau|8EB||||BGT|TWM18|20|20|||1|2|0||"
"Whanau","8AF","","CG1","","Specify Subject Name","1","Year 1","SpecifySubjectName","FGN","20","/ 20","2026TT","Whanau|8AF||||FGN|CG1|20|20|||1|2|0||"
"Whanau","8JC","","NC5","","Specify Subject Name","1","Year 1","SpecifySubjectName","CHI","21","/ 21","2026TT","Whanau|8JC||||CHI|NC5|21|21|||1|2|0||"
"Whanau","WHHJ","","TRP1","","Specify Subject Name","1","Year 1","SpecifySubjectName","JCS","35","/ 35","2026TT","Whanau|WHHJ||||JCS|TRP1|35|35|||15|2|0||"
"Whanau","WHHJ","","TRP1","","Specify Subject Name","1","Year 1","SpecifySubjectName","FIT","35","/ 35","2026TT","Whanau|WHHJ||||FIT|TRP1|35|35|||15|2|0||"
"Whanau","7DS","","SN11","","Specify Subject Name","1","Year 1","SpecifySubjectName","SNP","21","/ 21","2026TT","Whanau|7DS||||SNP|SN11|21|21|||1|2|0||"
"Whanau","7TA","","PR2","","Specify Subject Name","1","Year 1","SpecifySubjectName","AMS","22","/ 22","2026TT","Whanau|7TA||||AMS|PR2|22|22|||1|2|0||"
"Whanau","7AE","","SN6","","Specify Subject Name","1","Year 1","SpecifySubjectName","EVA","24","/ 24","2026TT","Whanau|7AE||||EVA|SN6|24|24|||1|2|0||"
"Whanau","7JT","","SN8","","Specify Subject Name","1","Year 1","SpecifySubjectName","TTA","23","/ 23","2026TT","Whanau|7JT||||TTA|SN8|23|23|||1|2|0||"
"2MTC","5","2","PR1","","Combined Maths Level 2","12","NCEA Level 2","Mathematics","SON","19","/ 35","2026TT","2MTC||5|2|0|SON|PR1|19|35|||8|1|0||"
"3REL","5","1","TWM1","","Religious Education Level 3","13","NCEA Level 3","Religious Education","STC","30","/ 116","2026TT","3REL||5|1|0|STC|TWM1|30|116|||8|1|0||"
"3CAR","5","1","TWM1","3REL","Careers Level 3","13","NCEA Level 3","Career Pathways","STC","30","/ 116","2026TT","3CAR||5|1|0|STC|TWM1|30|116||3REL|8|4|0||"
"2REL","5","1","TWM1","","Religious Education Level 2","12","NCEA Level 2","Religious Education","AKN","24","/ 91","2026TT","2REL||5|1|0|AKN|TWM1|24|91|||8|1|0||"
"2STU","5","1","TWM1","2REL","STUDY","12","Year 12","Study","AKN","24","/ 91","2026TT","2STU||5|1|0|AKN|TWM1|24|91||2REL|8|4|0||"
"3SFSA","7","1","SN6","","3SFSA","3","Year 3","SFSA","EVA","31","/ 31","2026TT","3SFSA||7|1|0|EVA|SN6|31|31|||8|1|0||"
"3SFSC","7","1","SN5","","3SFSC","3","Year 3","SFSC","MST","31","/ 31","2026TT","3SFSC||7|1|0|MST|SN5|31|31|||8|1|0||"
"3SFSE","7","1","TWM15","","3SFSE","3","Year 3","SFSE","TLG","30","/ 30","2026TT","3SFSE||7|1|0|TLG|TWM15|30|30|||8|1|0||"
"3SFSD","7","1","TWM15","","3SFSD","13","Year 13","SFSD","NLT","0","/ 0","2026TT","3SFSD||7|1|0|NLT|TWM15|0|0|||8|1|0||"
"3SFSB","7","1","TWM13","","3SFSB","3","Year 3","SFSB","FRN","31","/ 31","2026TT","3SFSB||7|1|0|FRN|TWM13|31|31|||8|1|0||"
"2DMS4","7","1","TWM2","","Dominican Service","12","Year 12","Religious Education","STC","27","/ 27","2026TT","2DMS4||7|1|0|STC|TWM2|27|27|||8|1|0||"
"2DMS5","7","1","TWM1","","Dominican Service","12","Year 12","Religious Education","AKN","30","/ 30","2026TT","2DMS5||7|1|0|AKN|TWM1|30|30|||8|1|0||"
"2DMS3","7","1","NC5","","2DMS3","2","Year 2","DMS","CHI","27","/ 27","2026TT","2DMS3||7|1|0|CHI|NC5|27|27|||8|1|0||"
"2DMS1","7","1","TWM3","","2DMS1","2","Year 2","DMS","JLM","26","/ 26","2026TT","2DMS1||7|1|0|JLM|TWM3|26|26|||8|1|0||"
"Chaplaincy","1","1","HN1","","Chaplaincy","","","Chaplaincy","STC","0","/ 0","2026TT","Chaplaincy||1|1|0|STC|HN1|0|0||||1|0||"
"meeting","1","1","HN1","Chaplaincy","meeting","","","meeting","STC","0","/ 0","2026TT","meeting||1|1|0|STC|HN1|0|0||Chaplaincy||4|0||"
"Chaplaincy","1","1","HN1","","Chaplaincy","","","Chaplaincy","SIL","0","/ 0","2026TT","Chaplaincy||1|1|0|SIL|HN1|0|0||||1|0||"
"meeting","1","1","HN1","Chaplaincy","meeting","","","meeting","SIL","0","/ 0","2026TT","meeting||1|1|0|SIL|HN1|0|0||Chaplaincy||4|0||"
"Chaplaincy","1","1","HN1","","Chaplaincy","","","Chaplaincy","JLM","0","/ 0","2026TT","Chaplaincy||1|1|0|JLM|HN1|0|0||||1|0||"
"meeting","1","1","HN1","Chaplaincy","meeting","","","meeting","JLM","0","/ 0","2026TT","meeting||1|1|0|JLM|HN1|0|0||Chaplaincy||4|0||"
"Chaplaincy","1","1","HN1","","Chaplaincy","","","Chaplaincy","AKN","0","/ 0","2026TT","Chaplaincy||1|1|0|AKN|HN1|0|0||||1|0||"
"meeting","1","1","HN1","Chaplaincy","meeting","","","meeting","AKN","0","/ 0","2026TT","meeting||1|1|0|AKN|HN1|0|0||Chaplaincy||4|0||"
"10ESL","10ESL","","SN4","","English Language Year 10","10","Year 10","English Language","TOA","6","/ 6","2026TT","10ESL|10ESL||||TOA|SN4|6|6||||2|0||"
"ESN","ESN","","PR3","","English Studies","10","Year 10","Career Pathways","GNA","4","/ 4","2026TT","ESN|ESN||||GNA|PR3|4|4||||2|0||"
"1ELL","1ELL","","SN4","","English Language Level 1","11","Year 11 Diploma","English Language","TOA","0","/ 0","2026TT","1ELL|1ELL||||TOA|SN4|0|0||||2|0||"
"PRT","1","1","SN6","","PRT","","","PRT","EVA","0","/ 0","2026TT","PRT||1|1|0|EVA|SN6|0|0||||1|0||"
"PRT","1","1","SN6","","PRT","","","PRT","TDD","0","/ 0","2026TT","PRT||1|1|0|TDD|SN6|0|0||||1|0||"
"PRT","2","1","Bologna","","PRT","","","PRT","EVA","0","/ 0","2026TT","PRT||2|1|0|EVA|Bologna|0|0||||1|0||"
"PRT","2","1","Bologna","","PRT","","","PRT","FRN","0","/ 0","2026TT","PRT||2|1|0|FRN|Bologna|0|0||||1|0||"
"PRT","2","1","Bologna","","PRT","","","PRT","AMS","0","/ 0","2026TT","PRT||2|1|0|AMS|Bologna|0|0||||1|0||"
"10ACMAT","10AC","","PR1","","Mathematics Year 10 - AC","10","Year 10","Mathematics","SON","29","/ 29","2026TT","10ACMAT|10AC||||SON|PR1|29|29|||4|2|0||"
"3STU","6","1","TWM11","","Study","13","NCEA Level 3","Study","STU","13","/ 99","2026TT","3STU||6|1|0|STU|TWM11|13|99|||8|1|0||"
"3STU","5","1","TWM11","","Study","13","NCEA Level 3","Study","STU","18","/ 99","2026TT","3STU||5|1|0|STU|TWM11|18|99|||8|1|0||"
"3STU","4","1","TWM11","","Study","13","NCEA Level 3","Study","STU","17","/ 99","2026TT","3STU||4|1|0|STU|TWM11|17|99|||8|1|0||"
"3STU","3","1","SN5","","Study","13","NCEA Level 3","Study","STU","18","/ 99","2026TT","3STU||3|1|0|STU|SN5|18|99|||8|1|0||"
"3STU","2","1","TWM15","","Study","13","NCEA Level 3","Study","STU","15","/ 99","2026TT","3STU||2|1|0|STU|TWM15|15|99|||8|1|0||"
"3STU","1","1","TWM11","","Study","13","NCEA Level 3","Study","STU","19","/ 99","2026TT","3STU||1|1|0|STU|TWM11|19|99|||8|1|0||"
"meeting","1","1","HN14","","meeting","","","meeting","SCH","0","/ 0","2026TT","meeting||1|1|0|SCH|HN14|0|0||||1|0||"
"with","1","1","HN14","meeting","with","","","with","SCH","0","/ 0","2026TT","with||1|1|0|SCH|HN14|0|0||meeting||4|0||"
"SCH","1","1","HN14","meeting","SCH","","Other","Teacher","SCH","0","/ 0","2026TT","SCH||1|1|0|SCH|HN14|0|0||meeting||4|0||"
"meeting","2","1","HN14","","meeting","","","meeting","JLM","0","/ 0","2026TT","meeting||2|1|0|JLM|HN14|0|0||||1|0||"
"with","2","1","HN14","meeting","with","","","with","JLM","0","/ 0","2026TT","with||2|1|0|JLM|HN14|0|0||meeting||4|0||"
"NP","2","1","HN14","meeting","NP","","","NP","JLM","0","/ 0","2026TT","NP||2|1|0|JLM|HN14|0|0||meeting||4|0||"
"with","1","1","TWM18","meeting","with","","","with","JLM","0","/ 0","2026TT","with||1|1|0|JLM|TWM18|0|0||meeting||4|0||"
"HS","1","1","TWM18","meeting","HS","","","HS","JLM","0","/ 0","2026TT","HS||1|1|0|JLM|TWM18|0|0||meeting||4|0||"
"meeting","2","1","HN14","","meeting","","","meeting","PTO","0","/ 0","2026TT","meeting||2|1|0|PTO|HN14|0|0||||1|0||"
"with","2","1","HN14","meeting","with","","","with","PTO","0","/ 0","2026TT","with||2|1|0|PTO|HN14|0|0||meeting||4|0||"
"PJ","2","1","HN14","meeting","PJ","","","PJ","PTO","0","/ 0","2026TT","PJ||2|1|0|PTO|HN14|0|0||meeting||4|0||"
"SLT","1","1","VERITAS","","Specify Subject Name","1","Year 1","Science","MLM","0","/ 0","2026TT","SLT||1|1|0|MLM|VERITAS|0|0||||1|0||"
"DVC","1","1","Bologna","","Design and Visual Communications","10","Year 10","Technology","FRN","0","/ 0","2026TT","DVC||1|1|0|FRN|Bologna|0|0||||1|0||"
"meeting","1","1","Bologna","DVC","meeting","","","meeting","FRN","0","/ 0","2026TT","meeting||1|1|0|FRN|Bologna|0|0||DVC||4|0||"
"DVC","1","1","Bologna","","Design and Visual Communications","10","Year 10","Technology","MTN","0","/ 0","2026TT","DVC||1|1|0|MTN|Bologna|0|0||||1|0||"
"meeting","1","1","Bologna","DVC","meeting","","","meeting","MTN","0","/ 0","2026TT","meeting||1|1|0|MTN|Bologna|0|0||DVC||4|0||"
"DVC","1","1","Bologna","","Design and Visual Communications","10","Year 10","Technology","AMS","0","/ 0","2026TT","DVC||1|1|0|AMS|Bologna|0|0||||1|0||"
"meeting","1","1","Bologna","DVC","meeting","","","meeting","AMS","0","/ 0","2026TT","meeting||1|1|0|AMS|Bologna|0|0||DVC||4|0||"
"3TTE","1","1","PR11","","Textiles Technology Level 3","13","NCEA Level 3","Technology","HHN","1","/ 4","2026TT","3TTE||1|1|0|HHN|PR11|1|4|||8|1|0||"
"9NUMA","9ANUM","","LIB","","Numeracy","9","Year 9","Learning Support","OCR","10","/ 10","2026TT","9NUMA|9ANUM||||OCR|LIB|10|10||||2|0||"
"9NUMB","9BNUM","","LIB","","Numeracy","9","Year 9","Learning Support","OCR","8","/ 8","2026TT","9NUMB|9BNUM||||OCR|LIB|8|8||||2|0||"
"Manaki","WM","","NC6","","Manaki","","","Manaki","GTD","0","/ 0","2026TT","Manaki|WM||||GTD|NC6|0|0||||2|0||"
"Manaki","WM","","NC6","","Manaki","","","Manaki","PTO","0","/ 0","2026TT","Manaki|WM||||PTO|NC6|0|0||||2|0||"
"Manaki","WM","","NC6","","Manaki","","","Manaki","SCH","0","/ 0","2026TT","Manaki|WM||||SCH|NC6|0|0||||2|0||"
"Manaki","WM","","NC6","","Manaki","","","Manaki","TOA","0","/ 0","2026TT","Manaki|WM||||TOA|NC6|0|0||||2|0||"
"Manaki","WM","","NC6","","Manaki","","","Manaki","PHS","0","/ 0","2026TT","Manaki|WM||||PHS|NC6|0|0||||2|0||"
"Manaki","WM","","NC6","","Manaki","","","Manaki","SIL","0","/ 0","2026TT","Manaki|WM||||SIL|NC6|0|0||||2|0||"
"WhareManak","WM","","NC6","","WhareManak","","","WhareManak","JCS","0","/ 0","2026TT","WhareManak|WM||||JCS|NC6|0|0||||2|0||"
"3STU","3ACC","","PR2","","Study","13","NCEA Level 3","Study","STU","0","/ 0","2026TT","3STU|3ACC||||STU|PR2|0|0|||8|2|0||"
"3ACC","3ACC","","Liston","","Accounting Level 3","13","NCEA Level 3","Social Science","LSTN","0","/ 0","2026TT","3ACC|3ACC||||LSTN|Liston|0|0|||8|2|0||"
"EXAUT","20","1","CG3","","Automotive Engineering L2 (Unitec)","12","NCEA Level 2","Career Pathways","GNA","1","/ 1","2026TT","EXAUT||20|1|0|GNA|CG3|1|1||||1|0|21|200001804"
"EXHWP1","20","1","CG3","","Health, Wellbeing and Practice 1 (Unitec)","12","NCEA Level 2","Career Pathways","GNA","9","/ 9","2026TT","EXHWP1||20|1|0|GNA|CG3|9|9||||1|0|21|200001804"
"EXHKC","20","1","CG3","","Health Knowledge and Communication (Unitec)","13","NCEA Level 3","Career Pathways","GNA","5","/ 5","2026TT","EXHKC||20|1|0|GNA|CG3|5|5||||1|0|21|200001804"
"EXCCS","20","1","CG3","","Specify Subject Name","1","Year 1","SpecifySubjectName","GNA","0","/ 0","2026TT","EXCCS||20|1|0|GNA|CG3|0|0||||1|0|21|200001804"
"EXANC","20","1","CG3","","Animal Care Level 3 (UNITEC)","13","NCEA Level 3","Career Pathways","GNA","2","/ 2","2026TT","EXANC||20|1|0|GNA|CG3|2|2||||1|0|21|200001804"
"EXHWP2","19","1","CG3","","Health, Wellbeing and Practice 2 (Unitec)","12","NCEA Level 2","Career Pathways","GNA","9","/ 9","2026TT","EXHWP2||19|1|0|GNA|CG3|9|9||||1|0|34|200001804"
"EXHAC","19","1","CG3","","Health and the Community (Unitec)","13","NCEA Level 3","Career Pathways","GNA","5","/ 5","2026TT","EXHAC||19|1|0|GNA|CG3|5|5||||1|0|34|200001804"
"2PTW","2","1","PR3","","Career Pathways Year 12","12","NCEA Level 2","Career Pathways","GNA","7","/ 17","2026TT","2PTW||2|1|0|GNA|PR3|7|17|||8|1|0|47|200001724"
"3PTW","2","1","PR3","","Career Pathways Year 13","13","NCEA Level 3","Career Pathways","GNA","5","/ 15","2026TT","3PTW||2|1|0|GNA|PR3|5|15|||8|1|0|47|200001724"
"3PTW","6","1","PR3","","Career Pathways Year 13","13","NCEA Level 3","Career Pathways","JLM","2","/ 15","2026TT","3PTW||6|1|0|JLM|PR3|2|15|||8|1|0||"
"2MUSN","2","1","MUSIC","","Music","12","NCEA Level 2","Music","LIU","2","/ 2","2026TT","2MUSN||2|1|0|LIU|MUSIC|2|2|||8|1|0||"
"3GTY","3","1","PR3","","Gateway Year 13","13","NCEA Level 3","Career Pathways","GNA","6","/ 9","2026TT","3GTY||3|1|0|GNA|PR3|6|9|||8|1|0|23|200001724"
"10PEH","10SE","","GYM","","Physical Education and Health Year 10","10","Year 10","Health & PE","TTA","23","/ 23","2026TT","10PEH|10SE||||TTA|GYM|23|23|||4|2|0||"
"10PEH","10MV","","GYM","","Physical Education and Health Year 10","10","Year 10","Health & PE","TDD","21","/ 21","2026TT","10PEH|10MV||||TDD|GYM|21|21|||4|2|0||"
"10PEH","10KW","","GYM","","Physical Education and Health Year 10","10","Year 10","Health & PE","TTA","22","/ 22","2026TT","10PEH|10KW||||TTA|GYM|22|22|||4|2|0||"
"10PEH","10DQ","","GYM","","Physical Education and Health Year 10","10","Year 10","Health & PE","TTA","27","/ 27","2026TT","10PEH|10DQ||||TTA|GYM|27|27|||4|2|0||"
"10PEH","10AC","","GYM","","Physical Education and Health Year 10","10","Year 10","Health & PE","TDD","29","/ 29","2026TT","10PEH|10AC||||TDD|GYM|29|29|||4|2|0||"
"2MAOTK","3","1","HN19","","Maori Level 2 - Te Kura","12","NCEA Level 2","Languages","TEK","2","/ 2","2026TT","2MAOTK||3|1|0|TEK|HN19|2|2|||4|1|0|5|200001728"
"10MAOTK","3","1","HN19","","Maori Year 10 - Te Kura","10","Year 10","Languages","TEK","3","/ 4","2026TT","10MAOTK||3|1|0|TEK|HN19|3|4|||4|1|0|5|200001728"
"10MAOTK","2","1","HN19","","Maori Year 10 - Te Kura","10","Year 10","Languages","TEK","1","/ 4","2026TT","10MAOTK||2|1|0|TEK|HN19|1|4|||4|1|0|2|200001728"
"2MAOTK","2","1","HN19","","Maori Level 2 - Te Kura","12","NCEA Level 2","Languages","TEK","1","/ 2","2026TT","2MAOTK||2|1|0|TEK|HN19|1|2|||4|1|0|2|200001728"
"1MAOTK","6","1","TRP1","","Maori Level 1 - Te Kura","11","Year 11 Diploma","Languages","TEK","1","/ 1","2026TT","1MAOTK||6|1|0|TEK|TRP1|1|1|||8|1|0||"
"2FRETK","6","1","SN1","","French Level 2 - Te Kura","12","NCEA Level 2","Languages","TEK","1","/ 1","2026TT","2FRETK||6|1|0|TEK|SN1|1|1|||8|1|0|1|200001787"
"3FRETK","6","1","SN1","","French Level 3 - Te Kura","13","NCEA Level 3","Languages","TEK","0","/ 4","2026TT","3FRETK||6|1|0|TEK|SN1|0|4|||8|1|0|1|200001787"
"3FRETK","2","1","HN19","","French Level 3 - Te Kura","13","NCEA Level 3","Languages","TEK","4","/ 4","2026TT","3FRETK||2|1|0|TEK|HN19|4|4|||8|1|0||"
"3MDSTK","3","1","HN19","","Media Studies Level 3 - Te Kura","13","NCEA Level 3","English","TEK","4","/ 4","2026TT","3MDSTK||3|1|0|TEK|HN19|4|4|||8|1|0||"
"3MDSTK","1","1","HN19","","Media Studies Level 3 - Te Kura","13","NCEA Level 3","English","TEK","0","/ 4","2026TT","3MDSTK||1|1|0|TEK|HN19|0|4|||8|1|0||"
"GTYP","TaleiB","","","","GTYP","","","GTYP","","1","/ 1","2026TT","GTYP|TaleiB||||||1|1||||2|0||"
"10MAOTK","3","1","HN19","","Maori Year 10 - Te Kura","10","Year 10","Languages","JLM","3","/ 4","2026TT","10MAOTK||3|1|0|JLM|HN19|3|4|||4|1|1|5|200001728"
"2MAOTK","3","1","HN19","","Maori Level 2 - Te Kura","12","NCEA Level 2","Languages","JLM","2","/ 2","2026TT","2MAOTK||3|1|0|JLM|HN19|2|2|||4|1|1|5|200001728"
"10MAOTK","2","1","HN19","","Maori Year 10 - Te Kura","10","Year 10","Languages","JLM","1","/ 4","2026TT","10MAOTK||2|1|0|JLM|HN19|1|4|||4|1|1|2|200001728"
"2MAOTK","2","1","HN19","","Maori Level 2 - Te Kura","12","NCEA Level 2","Languages","JLM","1","/ 2","2026TT","2MAOTK||2|1|0|JLM|HN19|1|2|||4|1|1|2|200001728"
"EXANI","20","1","CG3","","Animal Care (SIT)","13","NCEA Level 3","Career Pathways","GNA","4","/ 4","2026TT","EXANI||20|1|0|GNA|CG3|4|4||||1|0|21|200001804"
"SCHOLAR","12","1","TWM18","","Scholarship Candidates 2026","13","Year 13","Not Set","JLM","3","/ 3","2026TT","SCHOLAR||12|1|0|JLM|TWM18|3|3||||1|0||"
"2ENGL","6","1","Liston","","English L2 (Liston College)","12","NCEA Level 2","English","LISTN","3","/ 3","2026TT","2ENGL||6|1|0|LISTN|Liston|3|3|||8|1|0||"
"3PHOL","4","1","Liston","","Photography L3 (Liston College)","13","NCEA Level 3","Art","LISTN","2","/ 2","2026TT","3PHOL||4|1|0|LISTN|Liston|2|2|||8|1|0||"
"3GEOL","3","1","LISTN","","Geography L3 (Liston College)","13","NCEA Level 3","Social Science","LISTN","9","/ 9","2026TT","3GEOL||3|1|0|LISTN|LISTN|9|9|||8|1|0||"
"3ACCL","2","1","LISTN","","Accounting L3 (Liston College)","13","NCEA Level 3","Social Science","LISTN","6","/ 6","2026TT","3ACCL||2|1|0|LISTN|LISTN|6|6|||8|1|0||"
"3HIS","1","1","TWM13","","History Level 3","13","NCEA Level 3","Social Science","SCH","3","/ 34","2026TT","3HIS||1|1|0|SCH|TWM13|3|34|||8|1|0||"
"9PEH","9AC","","GYM","","Physical Education and Health Year 9","9","Year 9","Health & PE","GRM","24","/ 24","2026TT","9PEH|9AC||||GRM|GYM|24|24|||2|2|0||"
"10PEH","10DQ","","GYM","","Physical Education and Health Year 10","10","Year 10","Health & PE","GRM","27","/ 27","2026TT","10PEH|10DQ||||GRM|GYM|27|27|||4|2|1||"
"Whanau","12ML","","SN4","","Specify Subject Name","1","Year 1","SpecifySubjectName","BNT","19","/ 19","2026TT","Whanau|12ML||||BNT|SN4|19|19|||8|2|0||"
"10PEH","10ZA","","GYM","","Physical Education and Health Year 10","10","Year 10","Health & PE","BNT","23","/ 23","2026TT","10PEH|10ZA||||BNT|GYM|23|23|||4|2|0||"
"7PEH","7XD","","GYM","","Physical Education and Health Year 7","7","Year 7","Health & PE","BNT","24","/ 24","2026TT","7PEH|7XD||||BNT|GYM|24|24|||1|2|1||"
"8PEH","8QF","","GYM","","Physical Education and Health Year 8","8","Year 8","Health & PE","BNT","30","/ 30","2026TT","8PEH|8QF||||BNT|GYM|30|30|||1|2|0||"
"9PEH","9PX","","GYM","","Physical Education and Health Year 9","9","Year 9","Health & PE","BNT","24","/ 24","2026TT","9PEH|9PX||||BNT|GYM|24|24|||2|2|0||"
"9PEH","9EN","","GYM","","Physical Education and Health Year 9","9","Year 9","Health & PE","BNT","24","/ 24","2026TT","9PEH|9EN||||BNT|GYM|24|24|||2|2|0||"
"1PED","5","1","CG3","","Physical Education Level 1","11","Year 11 Diploma","Health & PE","BNT","27","/ 38","2026TT","1PED||5|1|0|BNT|CG3|27|38|||8|1|0||"
"9PEH","9JS","","GYM","","Physical Education and Health Year 9","9","Year 9","Health & PE","BNT","26","/ 26","2026TT","9PEH|9JS||||BNT|GYM|26|26|||2|2|0||"
"9PEH","9TC","","GYM","","Physical Education and Health Year 9","9","Year 9","Health & PE","BNT","28","/ 28","2026TT","9PEH|9TC||||BNT|GYM|28|28|||2|2|1||"
"7REL","7XD","","TWM3","","Religious Education Year 7","7","Year 7","Religious Education","GYY","24","/ 24","2026TT","7REL|7XD||||GYY|TWM3|24|24|||1|2|0||"
"3MUS","4","1","MUSIC","","Music Level 3","13","NCEA Level 3","Music","LIU","2","/ 7","2026TT","3MUS||4|1|0|LIU|MUSIC|2|7|||8|1|0|12|200001720"
"PRT","3","1","Bologna","","PRT","","","PRT","BNT","0","/ 0","2026TT","PRT||3|1|0|BNT|Bologna|0|0||||1|0||"
"PRT","3","1","SN6","","PRT","","","PRT","EVA","0","/ 0","2026TT","PRT||3|1|0|EVA|SN6|0|0||||1|0||"
"meeting","3","1","PR3","","meeting","","","meeting","MLM","0","/ 0","2026TT","meeting||3|1|0|MLM|PR3|0|0||||1|0||"
"meeting","3","1","PR3","","meeting","","","meeting","PHS","0","/ 0","2026TT","meeting||3|1|0|PHS|PR3|0|0||||1|1||"
"Whanau","9GB","","PR9","","Specify Subject Name","1","Year 1","SpecifySubjectName","DGL","23","/ 23","2026TT","Whanau|9GB||||DGL|PR9|23|23|||2|2|0||"
"EXHSA","18","1","CG3","","Health & Safety (Summit Institute)","13","NCEA Level 2","Career Pathways","GNA","20","/ 20","2026TT","EXHSA||18|1|0|GNA|CG3|20|20||||1|0||"
"STU2","6","1","Manaaki","","STU2","2","Year 2","STU","JLM","2","/ 2","2026TT","STU2||6|1|0|JLM|Manaaki|2|2|||8|1|0||"
"STU2","3","1","Manaaki","","STU2","2","Year 2","STU","JLM","1","/ 2","2026TT","STU2||3|1|0|JLM|Manaaki|1|2|||8|1|0||"
"STU2","6","1","HN18","","STU2","2","Year 2","STU","FRN","2","/ 2","2026TT","STU2||6|1|0|FRN|HN18|2|2|||8|1|0||"
"2GTY","3","1","PR3","","Gateway Year 12","12","NCEA Level 2","Career Pathways","GNA","2","/ 18","2026TT","2GTY||3|1|0|GNA|PR3|2|18|||8|1|0|23|200001724"
"2GTYN","1","1","PR3","","Gateway Year 12","12","NCEA Level 2","Career Pathways","GNA","1","/ 1","2026TT","2GTYN||1|1|0|GNA|PR3|1|1|||8|1|0||"
"3APH","1","1","LIBC","","Art Photography Level 3","13","NCEA Level 3","Art","SLG","3","/ 17","2026TT","3APH||1|1|0|SLG|LIBC|3|17|||8|1|0|13|200001712"
"2SOS","1","1","TWM15","","Social Studies Level 2","12","NCEA Level 2","Social Science","PTO","1","/ 24","2026TT","2SOS||1|1|0|PTO|TWM15|1|24|||8|1|0|15|200001706"
"10ACSCI","10AC","","TWM8","","10AC Science","10","Year 10","Science","WDA","29","/ 29","2026TT","10ACSCI|10AC||||WDA|TWM8|29|29|||4|2|0||"
"10FTE","2","1","PR4","","Food Technology Year 10","10","Year 10","Technology","DGL","17","/ 38","2026TT","10FTE||2|1|0|DGL|PR4|17|38|||4|1|0||"
"10FTE","1","1","PR4","","Food Technology Year 10","10","Year 10","Technology","DGL","20","/ 38","2026TT","10FTE||1|1|0|DGL|PR4|20|38|||4|1|0||"
"9TEC","9JS","","PR4","","Technology Year 9","9","Year 9","Technology","DGL","26","/ 26","2026TT","9TEC|9JS||||DGL|PR4|26|26|||2|2|0||"
"1ESN","5","1","PR3","","English Studies","11","Year 11 Diploma","Career Pathways","GNA","1","/ 1","2026TT","1ESN||5|1|0|GNA|PR3|1|1|||8|1|0||"
"EXDTOI","19","1","CG3","","Digital Toi (Te Wananga a Aotearoa)","11","Year 11 Diploma","Career Pathways","GNA","20","/ 20","2026TT","EXDTOI||19|1|0|GNA|CG3|20|20||||1|0|34|200001804"
"1FTE","6","1","PR4","","Food Technology Level 1","11","Year 11 Diploma","Technology","BRN","17","/ 17","2026TT","1FTE||6|1|0|BRN|PR4|17|17|||8|1|0||"
"3FTE","5","1","PR4","","Food Technology Level 3","13","NCEA Level 3","Technology","BRN","13","/ 13","2026TT","3FTE||5|1|0|BRN|PR4|13|13|||8|1|0||"
"2FTE","2","1","PR4","","Food Technology Level 2","12","NCEA Level 2","Technology","BRN","20","/ 20","2026TT","2FTE||2|1|0|BRN|PR4|20|20|||8|1|0||"
